{
 "version":3,
 "baseUrl":"support/slwebview_files",
 "homeHid":1,
 "sections":[
  {
   "hid":1,
   "sid":"dcshuntwithspeed",
   "name":"dcshuntwithspeed",
   "fullname":"dcshuntwithspeed",
   "label":"dcshuntwithspeed",
   "parent":0,
   "descendantIDs":[
    2,
    3
   ],
   "descendantsURL":"support/slwebview_files/dcshuntwithspeed_diagrams_1.json",
   "sysViewURL":"support/slwebview_files/dcshuntwithspeed_p.json"
  }
 ],
 "optViews":[
 ],
 "display":{
  "informer":false,
  "notes":false
 },
 "iconsUrl":"support/slwebview_files/icon.css"
}