{
 "version":3,
 "baseUrl":"support/slwebview_files",
 "homeHid":1,
 "sections":[
  {
   "hid":1,
   "sid":"dcshuntwithspeedfinal",
   "name":"dcshuntwithspeedfinal",
   "fullname":"dcshuntwithspeedfinal",
   "label":"dcshuntwithspeedfinal",
   "parent":0,
   "descendantIDs":[
    2,
    3
   ],
   "descendantsURL":"support/slwebview_files/dcshuntwithspeedfinal_diagrams_1.json",
   "sysViewURL":"support/slwebview_files/dcshuntwithspeedfinal_p.json"
  }
 ],
 "optViews":[
 ],
 "display":{
  "informer":false,
  "notes":false
 },
 "iconsUrl":"support/slwebview_files/icon.css"
}