[
 {
  "hid":1,
  "sid":"dcshuntwithspeed",
  "rsid":"dcshuntwithspeed",
  "esid":"",
  "parent":0,
  "children":[
   2,
   3
  ],
  "name":"dcshuntwithspeed",
  "fullname":"dcshuntwithspeed",
  "label":"dcshuntwithspeed",
  "className":"Simulink.BlockDiagram",
  "icon":"SimulinkModelIcon_icon",
  "svg":"support/slwebview_files/dcshuntwithspeed_d.svg",
  "thumbnail":"support/slwebview_files/dcshuntwithspeed_d.png",
  "elements":[
   {
    "sid":"dcshuntwithspeed:44",
    "rsid":"dcshuntwithspeed:44",
    "name":"\n",
    "label":" ",
    "className":"Simulink.FromWorkspace",
    "icon":"BlockIcon_icon"
   },
   {
    "sid":"dcshuntwithspeed:67",
    "rsid":"dcshuntwithspeed:67",
    "name":"\nspeed",
    "label":" speed",
    "className":"Simulink.FromWorkspace",
    "icon":"BlockIcon_icon"
   },
   {
    "sid":"dcshuntwithspeed:46",
    "rsid":"dcshuntwithspeed:46",
    "name":"  ",
    "label":"  ",
    "className":"Simulink.FromWorkspace",
    "icon":"BlockIcon_icon"
   },
   {
    "sid":"dcshuntwithspeed:78",
    "rsid":"dcshuntwithspeed:78",
    "name":"% conversion",
    "label":"% conversion",
    "className":"Simulink.Gain",
    "icon":"BlockIcon_icon"
   },
   {
    "sid":"dcshuntwithspeed:72",
    "rsid":"dcshuntwithspeed:72",
    "name":"2 * pi",
    "label":"2 * pi",
    "className":"Simulink.Gain",
    "icon":"BlockIcon_icon"
   },
   {
    "sid":"dcshuntwithspeed:6",
    "rsid":"dcshuntwithspeed:6",
    "name":"Back EMF",
    "label":"Back EMF",
    "className":"Simulink.Scope",
    "icon":"BlockIcon_icon"
   },
   {
    "sid":"dcshuntwithspeed:3",
    "rsid":"dcshuntwithspeed:3",
    "name":"Clock",
    "label":"Clock",
    "className":"Simulink.Clock",
    "icon":"BlockIcon_icon"
   },
   {
    "sid":"dcshuntwithspeed:73",
    "rsid":"dcshuntwithspeed:73",
    "name":"Constant",
    "label":"Constant",
    "className":"Simulink.Constant",
    "icon":"BlockIcon_icon"
   },
   {
    "sid":"dcshuntwithspeed:5",
    "rsid":"dcshuntwithspeed:5",
    "name":"Divide",
    "label":"Divide",
    "className":"Simulink.Product",
    "icon":"BlockIcon_icon"
   },
   {
    "sid":"dcshuntwithspeed:39",
    "rsid":"dcshuntwithspeed:39",
    "name":"Divide1",
    "label":"Divide1",
    "className":"Simulink.Product",
    "icon":"BlockIcon_icon"
   },
   {
    "sid":"dcshuntwithspeed:71",
    "rsid":"dcshuntwithspeed:71",
    "name":"Divide2",
    "label":"Divide2",
    "className":"Simulink.Product",
    "icon":"BlockIcon_icon"
   },
   {
    "sid":"dcshuntwithspeed:7",
    "rsid":"dcshuntwithspeed:7",
    "name":"Eb1",
    "label":"Eb1",
    "className":"Simulink.Scope",
    "icon":"BlockIcon_icon"
   },
   {
    "sid":"dcshuntwithspeed:38",
    "rsid":"dcshuntwithspeed:38",
    "name":"Efficiency ",
    "label":"Efficiency ",
    "className":"Simulink.Scope",
    "icon":"BlockIcon_icon"
   },
   {
    "sid":"dcshuntwithspeed:58",
    "rsid":"dcshuntwithspeed:58",
    "name":"From1",
    "label":"From1",
    "className":"Simulink.From",
    "icon":"BlockIcon_icon"
   },
   {
    "sid":"dcshuntwithspeed:54",
    "rsid":"dcshuntwithspeed:54",
    "name":"From2",
    "label":"From2",
    "className":"Simulink.From",
    "icon":"BlockIcon_icon"
   },
   {
    "sid":"dcshuntwithspeed:55",
    "rsid":"dcshuntwithspeed:55",
    "name":"From3",
    "label":"From3",
    "className":"Simulink.From",
    "icon":"BlockIcon_icon"
   },
   {
    "sid":"dcshuntwithspeed:59",
    "rsid":"dcshuntwithspeed:59",
    "name":"From4",
    "label":"From4",
    "className":"Simulink.From",
    "icon":"BlockIcon_icon"
   },
   {
    "sid":"dcshuntwithspeed:61",
    "rsid":"dcshuntwithspeed:61",
    "name":"From5",
    "label":"From5",
    "className":"Simulink.From",
    "icon":"BlockIcon_icon"
   },
   {
    "sid":"dcshuntwithspeed:64",
    "rsid":"dcshuntwithspeed:64",
    "name":"From6",
    "label":"From6",
    "className":"Simulink.From",
    "icon":"BlockIcon_icon"
   },
   {
    "sid":"dcshuntwithspeed:50",
    "rsid":"dcshuntwithspeed:50",
    "name":"Goto",
    "label":"Goto",
    "className":"Simulink.Goto",
    "icon":"BlockIcon_icon"
   },
   {
    "sid":"dcshuntwithspeed:56",
    "rsid":"dcshuntwithspeed:56",
    "name":"Goto2",
    "label":"Goto2",
    "className":"Simulink.Goto",
    "icon":"BlockIcon_icon"
   },
   {
    "sid":"dcshuntwithspeed:60",
    "rsid":"dcshuntwithspeed:60",
    "name":"Goto3",
    "label":"Goto3",
    "className":"Simulink.Goto",
    "icon":"BlockIcon_icon"
   },
   {
    "sid":"dcshuntwithspeed:62",
    "rsid":"dcshuntwithspeed:62",
    "name":"Goto4",
    "label":"Goto4",
    "className":"Simulink.Goto",
    "icon":"BlockIcon_icon"
   },
   {
    "sid":"dcshuntwithspeed:16",
    "rsid":"dcshuntwithspeed:16",
    "name":"Input power",
    "label":"Input power",
    "className":"Simulink.Product",
    "icon":"BlockIcon_icon"
   },
   {
    "sid":"dcshuntwithspeed:40",
    "rsid":"dcshuntwithspeed:40",
    "name":"Mechanical Load",
    "label":"Mechanical Load",
    "className":"Simulink.SubSystem",
    "icon":"SubSystemIcon_icon"
   },
   {
    "sid":"dcshuntwithspeed:17",
    "rsid":"dcshuntwithspeed:17",
    "name":"Output power",
    "label":"Output power",
    "className":"Simulink.Product",
    "icon":"BlockIcon_icon"
   },
   {
    "sid":"dcshuntwithspeed:18",
    "rsid":"dcshuntwithspeed:18",
    "name":"RPS",
    "label":"RPS",
    "className":"Simulink.Gain",
    "icon":"BlockIcon_icon"
   },
   {
    "sid":"dcshuntwithspeed:48",
    "rsid":"dcshuntwithspeed:48",
    "name":"Radius",
    "label":"Radius",
    "className":"Simulink.SubSystem",
    "icon":"SubSystemIcon_icon"
   },
   {
    "sid":"dcshuntwithspeed:22",
    "rsid":"dcshuntwithspeed:22",
    "name":"Torque",
    "label":"Torque",
    "className":"Simulink.Product",
    "icon":"BlockIcon_icon"
   },
   {
    "sid":"dcshuntwithspeed:23",
    "rsid":"dcshuntwithspeed:23",
    "name":"Ttime",
    "label":"Ttime",
    "className":"Simulink.ToWorkspace",
    "icon":"BlockIcon_icon"
   },
   {
    "sid":"dcshuntwithspeed:24",
    "rsid":"dcshuntwithspeed:24",
    "name":"armaturecurrent",
    "label":"armaturecurrent",
    "className":"Simulink.SFunction",
    "icon":"BlockIcon_icon"
   },
   {
    "sid":"dcshuntwithspeed:25",
    "rsid":"dcshuntwithspeed:25",
    "name":"change in input power\n",
    "label":"change in input power ",
    "className":"Simulink.ToWorkspace",
    "icon":"BlockIcon_icon"
   },
   {
    "sid":"dcshuntwithspeed:26",
    "rsid":"dcshuntwithspeed:26",
    "name":"change in output power",
    "label":"change in output power",
    "className":"Simulink.ToWorkspace",
    "icon":"BlockIcon_icon"
   },
   {
    "sid":"dcshuntwithspeed:28",
    "rsid":"dcshuntwithspeed:28",
    "name":"change in torqe",
    "label":"change in torqe",
    "className":"Simulink.ToWorkspace",
    "icon":"BlockIcon_icon"
   },
   {
    "sid":"dcshuntwithspeed:30",
    "rsid":"dcshuntwithspeed:30",
    "name":"gain1",
    "label":"gain1",
    "className":"Simulink.Gain",
    "icon":"BlockIcon_icon"
   },
   {
    "sid":"dcshuntwithspeed:51",
    "rsid":"dcshuntwithspeed:51",
    "name":"input power",
    "label":"input power",
    "className":"Simulink.From",
    "icon":"BlockIcon_icon"
   },
   {
    "sid":"dcshuntwithspeed:33",
    "rsid":"dcshuntwithspeed:33",
    "name":"line current\n",
    "label":"line current ",
    "className":"Simulink.SFunction",
    "icon":"BlockIcon_icon"
   },
   {
    "sid":"dcshuntwithspeed:52",
    "rsid":"dcshuntwithspeed:52",
    "name":"op power",
    "label":"op power",
    "className":"Simulink.Goto",
    "icon":"BlockIcon_icon"
   },
   {
    "sid":"dcshuntwithspeed:53",
    "rsid":"dcshuntwithspeed:53",
    "name":"output power",
    "label":"output power",
    "className":"Simulink.From",
    "icon":"BlockIcon_icon"
   },
   {
    "sid":"dcshuntwithspeed:57",
    "rsid":"dcshuntwithspeed:57",
    "name":"torque",
    "label":"torque",
    "className":"Simulink.From",
    "icon":"BlockIcon_icon"
   },
   {
    "sid":"dcshuntwithspeed:37",
    "rsid":"dcshuntwithspeed:37",
    "name":"voltage",
    "label":"voltage",
    "className":"Simulink.SFunction",
    "icon":"BlockIcon_icon"
   },
   {
    "sid":"dcshuntwithspeed:65",
    "rsid":"dcshuntwithspeed:65",
    "name":"",
    "label":"",
    "className":"Simulink.Annotation",
    "icon":"annotation_icon"
   },
   {
    "sid":"dcshuntwithspeed:66",
    "rsid":"dcshuntwithspeed:66",
    "name":"Motor Characteristics Display",
    "label":"Motor Characteristics Display",
    "className":"Simulink.Annotation",
    "icon":"annotation_icon"
   },
   {
    "sid":"dcshuntwithspeed:74",
    "rsid":"dcshuntwithspeed:74",
    "name":"Torque = [ (Radius + ( Thickness / 2 )) * ( Load 1 - Load 2 ) * 9.81 ] nm ",
    "label":"Torque = [ (Radius + ( Thickness / 2 )) * ( Load 1 - Load 2 ) * 9.81 ] nm ",
    "className":"Simulink.Annotation",
    "icon":"annotation_icon"
   },
   {
    "sid":"dcshuntwithspeed:75",
    "rsid":"dcshuntwithspeed:75",
    "name":"Output power =  [ (2 * pi * Speed * Torque ) / 60 ]",
    "label":"Output power =  [ (2 * pi * Speed * Torque ) / 60 ]",
    "className":"Simulink.Annotation",
    "icon":"annotation_icon"
   },
   {
    "sid":"dcshuntwithspeed:79",
    "rsid":"dcshuntwithspeed:79",
    "name":"Input power =  voltage * line current",
    "label":"Input power =  voltage * line current",
    "className":"Simulink.Annotation",
    "icon":"annotation_icon"
   },
   {
    "sid":"dcshuntwithspeed:80",
    "rsid":"dcshuntwithspeed:80",
    "name":"Efficiency = Output power / Input power",
    "label":"Efficiency = Output power / Input power",
    "className":"Simulink.Annotation",
    "icon":"annotation_icon"
   },
   {
    "sid":"dcshuntwithspeed:22#out:1;line",
    "rsid":"dcshuntwithspeed:22#out:1;line",
    "name":"",
    "label":"",
    "className":"Simulink.Line",
    "icon":"LineIcon_icon"
   },
   {
    "sid":"dcshuntwithspeed:30#out:1;line",
    "rsid":"dcshuntwithspeed:30#out:1;line",
    "name":"",
    "label":"",
    "className":"Simulink.Line",
    "icon":"LineIcon_icon"
   },
   {
    "sid":"dcshuntwithspeed:67#out:1;line",
    "rsid":"dcshuntwithspeed:67#out:1;line",
    "name":"",
    "label":"",
    "className":"Simulink.Line",
    "icon":"LineIcon_icon"
   },
   {
    "sid":"dcshuntwithspeed:3#out:1;line",
    "rsid":"dcshuntwithspeed:3#out:1;line",
    "name":"",
    "label":"",
    "className":"Simulink.Line",
    "icon":"LineIcon_icon"
   },
   {
    "sid":"dcshuntwithspeed:33#out:1;line",
    "rsid":"dcshuntwithspeed:33#out:1;line",
    "name":"",
    "label":"",
    "className":"Simulink.Line",
    "icon":"LineIcon_icon"
   },
   {
    "sid":"dcshuntwithspeed:18#out:1;line",
    "rsid":"dcshuntwithspeed:18#out:1;line",
    "name":"",
    "label":"",
    "className":"Simulink.Line",
    "icon":"LineIcon_icon"
   },
   {
    "sid":"dcshuntwithspeed:17#out:1;line",
    "rsid":"dcshuntwithspeed:17#out:1;line",
    "name":"",
    "label":"",
    "className":"Simulink.Line",
    "icon":"LineIcon_icon"
   },
   {
    "sid":"dcshuntwithspeed:24#out:1;line",
    "rsid":"dcshuntwithspeed:24#out:1;line",
    "name":"",
    "label":"",
    "className":"Simulink.Line",
    "icon":"LineIcon_icon"
   },
   {
    "sid":"dcshuntwithspeed:5#out:1;line",
    "rsid":"dcshuntwithspeed:5#out:1;line",
    "name":"",
    "label":"",
    "className":"Simulink.Line",
    "icon":"LineIcon_icon"
   },
   {
    "sid":"dcshuntwithspeed:37#out:1;line",
    "rsid":"dcshuntwithspeed:37#out:1;line",
    "name":"",
    "label":"",
    "className":"Simulink.Line",
    "icon":"LineIcon_icon"
   },
   {
    "sid":"dcshuntwithspeed:40#out:1;line",
    "rsid":"dcshuntwithspeed:40#out:1;line",
    "name":"",
    "label":"",
    "className":"Simulink.Line",
    "icon":"LineIcon_icon"
   },
   {
    "sid":"dcshuntwithspeed:44#out:1;line",
    "rsid":"dcshuntwithspeed:44#out:1;line",
    "name":"",
    "label":"",
    "className":"Simulink.Line",
    "icon":"LineIcon_icon"
   },
   {
    "sid":"dcshuntwithspeed:46#out:1;line",
    "rsid":"dcshuntwithspeed:46#out:1;line",
    "name":"",
    "label":"",
    "className":"Simulink.Line",
    "icon":"LineIcon_icon"
   },
   {
    "sid":"dcshuntwithspeed:48#out:1;line",
    "rsid":"dcshuntwithspeed:48#out:1;line",
    "name":"",
    "label":"",
    "className":"Simulink.Line",
    "icon":"LineIcon_icon"
   },
   {
    "sid":"dcshuntwithspeed:16#out:1;line",
    "rsid":"dcshuntwithspeed:16#out:1;line",
    "name":"",
    "label":"",
    "className":"Simulink.Line",
    "icon":"LineIcon_icon"
   },
   {
    "sid":"dcshuntwithspeed:51#out:1;line",
    "rsid":"dcshuntwithspeed:51#out:1;line",
    "name":"",
    "label":"",
    "className":"Simulink.Line",
    "icon":"LineIcon_icon"
   },
   {
    "sid":"dcshuntwithspeed:53#out:1;line",
    "rsid":"dcshuntwithspeed:53#out:1;line",
    "name":"",
    "label":"",
    "className":"Simulink.Line",
    "icon":"LineIcon_icon"
   },
   {
    "sid":"dcshuntwithspeed:54#out:1;line",
    "rsid":"dcshuntwithspeed:54#out:1;line",
    "name":"",
    "label":"",
    "className":"Simulink.Line",
    "icon":"LineIcon_icon"
   },
   {
    "sid":"dcshuntwithspeed:55#out:1;line",
    "rsid":"dcshuntwithspeed:55#out:1;line",
    "name":"",
    "label":"",
    "className":"Simulink.Line",
    "icon":"LineIcon_icon"
   },
   {
    "sid":"dcshuntwithspeed:57#out:1;line",
    "rsid":"dcshuntwithspeed:57#out:1;line",
    "name":"",
    "label":"",
    "className":"Simulink.Line",
    "icon":"LineIcon_icon"
   },
   {
    "sid":"dcshuntwithspeed:58#out:1;line",
    "rsid":"dcshuntwithspeed:58#out:1;line",
    "name":"",
    "label":"",
    "className":"Simulink.Line",
    "icon":"LineIcon_icon"
   },
   {
    "sid":"dcshuntwithspeed:59#out:1;line",
    "rsid":"dcshuntwithspeed:59#out:1;line",
    "name":"",
    "label":"",
    "className":"Simulink.Line",
    "icon":"LineIcon_icon"
   },
   {
    "sid":"dcshuntwithspeed:61#out:1;line",
    "rsid":"dcshuntwithspeed:61#out:1;line",
    "name":"",
    "label":"",
    "className":"Simulink.Line",
    "icon":"LineIcon_icon"
   },
   {
    "sid":"dcshuntwithspeed:64#out:1;line",
    "rsid":"dcshuntwithspeed:64#out:1;line",
    "name":"",
    "label":"",
    "className":"Simulink.Line",
    "icon":"LineIcon_icon"
   },
   {
    "sid":"dcshuntwithspeed:72#out:1;line",
    "rsid":"dcshuntwithspeed:72#out:1;line",
    "name":"",
    "label":"",
    "className":"Simulink.Line",
    "icon":"LineIcon_icon"
   },
   {
    "sid":"dcshuntwithspeed:73#out:1;line",
    "rsid":"dcshuntwithspeed:73#out:1;line",
    "name":"",
    "label":"",
    "className":"Simulink.Line",
    "icon":"LineIcon_icon"
   },
   {
    "sid":"dcshuntwithspeed:71#out:1;line",
    "rsid":"dcshuntwithspeed:71#out:1;line",
    "name":"",
    "label":"",
    "className":"Simulink.Line",
    "icon":"LineIcon_icon"
   },
   {
    "sid":"dcshuntwithspeed:78#out:1;line",
    "rsid":"dcshuntwithspeed:78#out:1;line",
    "name":"",
    "label":"",
    "className":"Simulink.Line",
    "icon":"LineIcon_icon"
   },
   {
    "sid":"dcshuntwithspeed:39#out:1;line",
    "rsid":"dcshuntwithspeed:39#out:1;line",
    "name":"",
    "label":"",
    "className":"Simulink.Line",
    "icon":"LineIcon_icon"
   }
  ],
  "sysViewURL":"support/slwebview_files/dcshuntwithspeed_d.json",
  "sameAsElement":false
 },
 {
  "hid":2,
  "sid":"dcshuntwithspeed:40",
  "rsid":"dcshuntwithspeed:40",
  "esid":"dcshuntwithspeed:40",
  "parent":1,
  "children":[
  ],
  "name":"Mechanical Load",
  "fullname":"dcshuntwithspeed/Mechanical Load",
  "label":"Mechanical Load",
  "className":"Simulink.SubSystem",
  "icon":"SubSystemIcon_icon",
  "svg":"support/slwebview_files/dcshuntwithspeed_40_d.svg",
  "thumbnail":"support/slwebview_files/dcshuntwithspeed_40_d.png",
  "elements":[
   {
    "sid":"dcshuntwithspeed:42",
    "rsid":"dcshuntwithspeed:42",
    "name":"Load 1",
    "label":"Load 1",
    "className":"Simulink.Inport",
    "icon":"BlockIcon_icon"
   },
   {
    "sid":"dcshuntwithspeed:43",
    "rsid":"dcshuntwithspeed:43",
    "name":"Load 2",
    "label":"Load 2",
    "className":"Simulink.Inport",
    "icon":"BlockIcon_icon"
   },
   {
    "sid":"dcshuntwithspeed:1",
    "rsid":"dcshuntwithspeed:1",
    "name":"Abs",
    "label":"Abs",
    "className":"Simulink.Abs",
    "icon":"BlockIcon_icon"
   },
   {
    "sid":"dcshuntwithspeed:20",
    "rsid":"dcshuntwithspeed:20",
    "name":"Subtract",
    "label":"Subtract",
    "className":"Simulink.Sum",
    "icon":"BlockIcon_icon"
   },
   {
    "sid":"dcshuntwithspeed:41",
    "rsid":"dcshuntwithspeed:41",
    "name":"Out1",
    "label":"Out1",
    "className":"Simulink.Outport",
    "icon":"BlockIcon_icon"
   },
   {
    "sid":"dcshuntwithspeed:42#out:1;line",
    "rsid":"dcshuntwithspeed:42#out:1;line",
    "name":"",
    "label":"",
    "className":"Simulink.Line",
    "icon":"LineIcon_icon"
   },
   {
    "sid":"dcshuntwithspeed:43#out:1;line",
    "rsid":"dcshuntwithspeed:43#out:1;line",
    "name":"",
    "label":"",
    "className":"Simulink.Line",
    "icon":"LineIcon_icon"
   },
   {
    "sid":"dcshuntwithspeed:1#out:1;line",
    "rsid":"dcshuntwithspeed:1#out:1;line",
    "name":"",
    "label":"",
    "className":"Simulink.Line",
    "icon":"LineIcon_icon"
   },
   {
    "sid":"dcshuntwithspeed:20#out:1;line",
    "rsid":"dcshuntwithspeed:20#out:1;line",
    "name":"",
    "label":"",
    "className":"Simulink.Line",
    "icon":"LineIcon_icon"
   }
  ],
  "sysViewURL":"support/slwebview_files/dcshuntwithspeed_40_d.json",
  "sameAsElement":false
 },
 {
  "hid":3,
  "sid":"dcshuntwithspeed:48",
  "rsid":"dcshuntwithspeed:48",
  "esid":"dcshuntwithspeed:48",
  "parent":1,
  "children":[
  ],
  "name":"Radius",
  "fullname":"dcshuntwithspeed/Radius",
  "label":"Radius",
  "className":"Simulink.SubSystem",
  "icon":"SubSystemIcon_icon",
  "svg":"support/slwebview_files/dcshuntwithspeed_48_d.svg",
  "thumbnail":"support/slwebview_files/dcshuntwithspeed_48_d.png",
  "elements":[
   {
    "sid":"dcshuntwithspeed:2",
    "rsid":"dcshuntwithspeed:2",
    "name":"Add",
    "label":"Add",
    "className":"Simulink.Sum",
    "icon":"BlockIcon_icon"
   },
   {
    "sid":"dcshuntwithspeed:77",
    "rsid":"dcshuntwithspeed:77",
    "name":"Constant",
    "label":"Constant",
    "className":"Simulink.Constant",
    "icon":"BlockIcon_icon"
   },
   {
    "sid":"dcshuntwithspeed:76",
    "rsid":"dcshuntwithspeed:76",
    "name":"Divide",
    "label":"Divide",
    "className":"Simulink.Product",
    "icon":"BlockIcon_icon"
   },
   {
    "sid":"dcshuntwithspeed:68",
    "rsid":"dcshuntwithspeed:68",
    "name":"From\nWorkspace",
    "label":"From Workspace",
    "className":"Simulink.FromWorkspace",
    "icon":"BlockIcon_icon"
   },
   {
    "sid":"dcshuntwithspeed:69",
    "rsid":"dcshuntwithspeed:69",
    "name":"From\nWorkspace1",
    "label":"From Workspace1",
    "className":"Simulink.FromWorkspace",
    "icon":"BlockIcon_icon"
   },
   {
    "sid":"dcshuntwithspeed:29",
    "rsid":"dcshuntwithspeed:29",
    "name":"gain",
    "label":"gain",
    "className":"Simulink.Gain",
    "icon":"BlockIcon_icon"
   },
   {
    "sid":"dcshuntwithspeed:49",
    "rsid":"dcshuntwithspeed:49",
    "name":"Out1",
    "label":"Out1",
    "className":"Simulink.Outport",
    "icon":"BlockIcon_icon"
   },
   {
    "sid":"dcshuntwithspeed:68#out:1;line",
    "rsid":"dcshuntwithspeed:68#out:1;line",
    "name":"",
    "label":"",
    "className":"Simulink.Line",
    "icon":"LineIcon_icon"
   },
   {
    "sid":"dcshuntwithspeed:2#out:1;line",
    "rsid":"dcshuntwithspeed:2#out:1;line",
    "name":"",
    "label":"",
    "className":"Simulink.Line",
    "icon":"LineIcon_icon"
   },
   {
    "sid":"dcshuntwithspeed:29#out:1;line",
    "rsid":"dcshuntwithspeed:29#out:1;line",
    "name":"",
    "label":"",
    "className":"Simulink.Line",
    "icon":"LineIcon_icon"
   },
   {
    "sid":"dcshuntwithspeed:69#out:1;line",
    "rsid":"dcshuntwithspeed:69#out:1;line",
    "name":"",
    "label":"",
    "className":"Simulink.Line",
    "icon":"LineIcon_icon"
   },
   {
    "sid":"dcshuntwithspeed:76#out:1;line",
    "rsid":"dcshuntwithspeed:76#out:1;line",
    "name":"",
    "label":"",
    "className":"Simulink.Line",
    "icon":"LineIcon_icon"
   },
   {
    "sid":"dcshuntwithspeed:77#out:1;line",
    "rsid":"dcshuntwithspeed:77#out:1;line",
    "name":"",
    "label":"",
    "className":"Simulink.Line",
    "icon":"LineIcon_icon"
   }
  ],
  "sysViewURL":"support/slwebview_files/dcshuntwithspeed_48_d.json",
  "sameAsElement":false
 }
]