[
 {
  "hid":1,
  "sid":"dc_series_motor_performance_C2000",
  "rsid":"dc_series_motor_performance_C2000",
  "esid":"",
  "parent":0,
  "children":[
   2,
   3
  ],
  "name":"dc_series_motor_performance_C2000",
  "fullname":"dc_series_motor_performance_C2000",
  "label":"dc_series_motor_performance_C2000",
  "className":"Simulink.BlockDiagram",
  "icon":"SimulinkModelIcon_icon",
  "svg":"support/slwebview_files/dc_series_motor_performance_C2000_d.svg",
  "thumbnail":"support/slwebview_files/dc_series_motor_performance_C2000_d.png",
  "elements":[
   {
    "sid":"dc_series_motor_performance_C2000:1",
    "rsid":"dc_series_motor_performance_C2000:1",
    "name":"\n",
    "label":" ",
    "className":"Simulink.FromWorkspace",
    "icon":"BlockIcon_icon"
   },
   {
    "sid":"dc_series_motor_performance_C2000:2",
    "rsid":"dc_series_motor_performance_C2000:2",
    "name":"  ",
    "label":"  ",
    "className":"Simulink.FromWorkspace",
    "icon":"BlockIcon_icon"
   },
   {
    "sid":"dc_series_motor_performance_C2000:4",
    "rsid":"dc_series_motor_performance_C2000:4",
    "name":"Clock",
    "label":"Clock",
    "className":"Simulink.Clock",
    "icon":"BlockIcon_icon"
   },
   {
    "sid":"dc_series_motor_performance_C2000:53",
    "rsid":"dc_series_motor_performance_C2000:53",
    "name":"Constant",
    "label":"Constant",
    "className":"Simulink.Constant",
    "icon":"BlockIcon_icon"
   },
   {
    "sid":"dc_series_motor_performance_C2000:7",
    "rsid":"dc_series_motor_performance_C2000:7",
    "name":"Eb1",
    "label":"Eb1",
    "className":"Simulink.Scope",
    "icon":"BlockIcon_icon"
   },
   {
    "sid":"dc_series_motor_performance_C2000:8",
    "rsid":"dc_series_motor_performance_C2000:8",
    "name":"Eff1 ",
    "label":"Eff1 ",
    "className":"Simulink.Scope",
    "icon":"BlockIcon_icon"
   },
   {
    "sid":"dc_series_motor_performance_C2000:6",
    "rsid":"dc_series_motor_performance_C2000:6",
    "name":"Eff2\n",
    "label":"Eff2 ",
    "className":"Simulink.Product",
    "icon":"BlockIcon_icon"
   },
   {
    "sid":"dc_series_motor_performance_C2000:55",
    "rsid":"dc_series_motor_performance_C2000:55",
    "name":"Efficiency\n",
    "label":"Efficiency ",
    "className":"Simulink.Gain",
    "icon":"BlockIcon_icon"
   },
   {
    "sid":"dc_series_motor_performance_C2000:50",
    "rsid":"dc_series_motor_performance_C2000:50",
    "name":"From\nWorkspace2",
    "label":"From Workspace2",
    "className":"Simulink.FromWorkspace",
    "icon":"BlockIcon_icon"
   },
   {
    "sid":"dc_series_motor_performance_C2000:10",
    "rsid":"dc_series_motor_performance_C2000:10",
    "name":"From2",
    "label":"From2",
    "className":"Simulink.From",
    "icon":"BlockIcon_icon"
   },
   {
    "sid":"dc_series_motor_performance_C2000:11",
    "rsid":"dc_series_motor_performance_C2000:11",
    "name":"From3",
    "label":"From3",
    "className":"Simulink.From",
    "icon":"BlockIcon_icon"
   },
   {
    "sid":"dc_series_motor_performance_C2000:15",
    "rsid":"dc_series_motor_performance_C2000:15",
    "name":"Goto",
    "label":"Goto",
    "className":"Simulink.Goto",
    "icon":"BlockIcon_icon"
   },
   {
    "sid":"dc_series_motor_performance_C2000:16",
    "rsid":"dc_series_motor_performance_C2000:16",
    "name":"Goto1",
    "label":"Goto1",
    "className":"Simulink.Goto",
    "icon":"BlockIcon_icon"
   },
   {
    "sid":"dc_series_motor_performance_C2000:17",
    "rsid":"dc_series_motor_performance_C2000:17",
    "name":"Goto2",
    "label":"Goto2",
    "className":"Simulink.Goto",
    "icon":"BlockIcon_icon"
   },
   {
    "sid":"dc_series_motor_performance_C2000:18",
    "rsid":"dc_series_motor_performance_C2000:18",
    "name":"Goto3",
    "label":"Goto3",
    "className":"Simulink.Goto",
    "icon":"BlockIcon_icon"
   },
   {
    "sid":"dc_series_motor_performance_C2000:19",
    "rsid":"dc_series_motor_performance_C2000:19",
    "name":"Goto4",
    "label":"Goto4",
    "className":"Simulink.Goto",
    "icon":"BlockIcon_icon"
   },
   {
    "sid":"dc_series_motor_performance_C2000:20",
    "rsid":"dc_series_motor_performance_C2000:20",
    "name":"Input power",
    "label":"Input power",
    "className":"Simulink.Product",
    "icon":"BlockIcon_icon"
   },
   {
    "sid":"dc_series_motor_performance_C2000:21",
    "rsid":"dc_series_motor_performance_C2000:21",
    "name":"Mechanical Load",
    "label":"Mechanical Load",
    "className":"Simulink.SubSystem",
    "icon":"SubSystemIcon_icon"
   },
   {
    "sid":"dc_series_motor_performance_C2000:27",
    "rsid":"dc_series_motor_performance_C2000:27",
    "name":"Output power",
    "label":"Output power",
    "className":"Simulink.Product",
    "icon":"BlockIcon_icon"
   },
   {
    "sid":"dc_series_motor_performance_C2000:29",
    "rsid":"dc_series_motor_performance_C2000:29",
    "name":"Radius",
    "label":"Radius",
    "className":"Simulink.SubSystem",
    "icon":"SubSystemIcon_icon"
   },
   {
    "sid":"dc_series_motor_performance_C2000:35",
    "rsid":"dc_series_motor_performance_C2000:35",
    "name":"Torque",
    "label":"Torque",
    "className":"Simulink.Product",
    "icon":"BlockIcon_icon"
   },
   {
    "sid":"dc_series_motor_performance_C2000:36",
    "rsid":"dc_series_motor_performance_C2000:36",
    "name":"Ttime",
    "label":"Ttime",
    "className":"Simulink.ToWorkspace",
    "icon":"BlockIcon_icon"
   },
   {
    "sid":"dc_series_motor_performance_C2000:38",
    "rsid":"dc_series_motor_performance_C2000:38",
    "name":"change in input power\n",
    "label":"change in input power ",
    "className":"Simulink.ToWorkspace",
    "icon":"BlockIcon_icon"
   },
   {
    "sid":"dc_series_motor_performance_C2000:39",
    "rsid":"dc_series_motor_performance_C2000:39",
    "name":"change in output power",
    "label":"change in output power",
    "className":"Simulink.ToWorkspace",
    "icon":"BlockIcon_icon"
   },
   {
    "sid":"dc_series_motor_performance_C2000:40",
    "rsid":"dc_series_motor_performance_C2000:40",
    "name":"change in torqe",
    "label":"change in torqe",
    "className":"Simulink.ToWorkspace",
    "icon":"BlockIcon_icon"
   },
   {
    "sid":"dc_series_motor_performance_C2000:52",
    "rsid":"dc_series_motor_performance_C2000:52",
    "name":"eff",
    "label":"eff",
    "className":"Simulink.Product",
    "icon":"BlockIcon_icon"
   },
   {
    "sid":"dc_series_motor_performance_C2000:54",
    "rsid":"dc_series_motor_performance_C2000:54",
    "name":"gain",
    "label":"gain",
    "className":"Simulink.Gain",
    "icon":"BlockIcon_icon"
   },
   {
    "sid":"dc_series_motor_performance_C2000:42",
    "rsid":"dc_series_motor_performance_C2000:42",
    "name":"input power",
    "label":"input power",
    "className":"Simulink.From",
    "icon":"BlockIcon_icon"
   },
   {
    "sid":"dc_series_motor_performance_C2000:12",
    "rsid":"dc_series_motor_performance_C2000:12",
    "name":"ip power\n",
    "label":"ip power ",
    "className":"Simulink.From",
    "icon":"BlockIcon_icon"
   },
   {
    "sid":"dc_series_motor_performance_C2000:13",
    "rsid":"dc_series_motor_performance_C2000:13",
    "name":"line current\n",
    "label":"line current ",
    "className":"Simulink.From",
    "icon":"BlockIcon_icon"
   },
   {
    "sid":"dc_series_motor_performance_C2000:56",
    "rsid":"dc_series_motor_performance_C2000:56",
    "name":"line current\n1",
    "label":"line current 1",
    "className":"Simulink.SFunction",
    "icon":"BlockIcon_icon"
   },
   {
    "sid":"dc_series_motor_performance_C2000:9",
    "rsid":"dc_series_motor_performance_C2000:9",
    "name":"op power",
    "label":"op power",
    "className":"Simulink.From",
    "icon":"BlockIcon_icon"
   },
   {
    "sid":"dc_series_motor_performance_C2000:45",
    "rsid":"dc_series_motor_performance_C2000:45",
    "name":"output power",
    "label":"output power",
    "className":"Simulink.From",
    "icon":"BlockIcon_icon"
   },
   {
    "sid":"dc_series_motor_performance_C2000:14",
    "rsid":"dc_series_motor_performance_C2000:14",
    "name":"speed \n",
    "label":"speed  ",
    "className":"Simulink.From",
    "icon":"BlockIcon_icon"
   },
   {
    "sid":"dc_series_motor_performance_C2000:46",
    "rsid":"dc_series_motor_performance_C2000:46",
    "name":"torque",
    "label":"torque",
    "className":"Simulink.From",
    "icon":"BlockIcon_icon"
   },
   {
    "sid":"dc_series_motor_performance_C2000:51",
    "rsid":"dc_series_motor_performance_C2000:51",
    "name":"torque1",
    "label":"torque1",
    "className":"Simulink.From",
    "icon":"BlockIcon_icon"
   },
   {
    "sid":"dc_series_motor_performance_C2000:57",
    "rsid":"dc_series_motor_performance_C2000:57",
    "name":"voltage",
    "label":"voltage",
    "className":"Simulink.SFunction",
    "icon":"BlockIcon_icon"
   },
   {
    "sid":"dc_series_motor_performance_C2000:13#out:1;line",
    "rsid":"dc_series_motor_performance_C2000:13#out:1;line",
    "name":"",
    "label":"",
    "className":"Simulink.Line",
    "icon":"LineIcon_icon"
   },
   {
    "sid":"dc_series_motor_performance_C2000:10#out:1;line",
    "rsid":"dc_series_motor_performance_C2000:10#out:1;line",
    "name":"",
    "label":"",
    "className":"Simulink.Line",
    "icon":"LineIcon_icon"
   },
   {
    "sid":"dc_series_motor_performance_C2000:9#out:1;line",
    "rsid":"dc_series_motor_performance_C2000:9#out:1;line",
    "name":"",
    "label":"",
    "className":"Simulink.Line",
    "icon":"LineIcon_icon"
   },
   {
    "sid":"dc_series_motor_performance_C2000:46#out:1;line",
    "rsid":"dc_series_motor_performance_C2000:46#out:1;line",
    "name":"",
    "label":"",
    "className":"Simulink.Line",
    "icon":"LineIcon_icon"
   },
   {
    "sid":"dc_series_motor_performance_C2000:14#out:1;line",
    "rsid":"dc_series_motor_performance_C2000:14#out:1;line",
    "name":"",
    "label":"",
    "className":"Simulink.Line",
    "icon":"LineIcon_icon"
   },
   {
    "sid":"dc_series_motor_performance_C2000:56#out:1;line",
    "rsid":"dc_series_motor_performance_C2000:56#out:1;line",
    "name":"",
    "label":"",
    "className":"Simulink.Line",
    "icon":"LineIcon_icon"
   },
   {
    "sid":"dc_series_motor_performance_C2000:45#out:1;line",
    "rsid":"dc_series_motor_performance_C2000:45#out:1;line",
    "name":"",
    "label":"",
    "className":"Simulink.Line",
    "icon":"LineIcon_icon"
   },
   {
    "sid":"dc_series_motor_performance_C2000:50#out:1;line",
    "rsid":"dc_series_motor_performance_C2000:50#out:1;line",
    "name":"",
    "label":"",
    "className":"Simulink.Line",
    "icon":"LineIcon_icon"
   },
   {
    "sid":"dc_series_motor_performance_C2000:2#out:1;line",
    "rsid":"dc_series_motor_performance_C2000:2#out:1;line",
    "name":"",
    "label":"",
    "className":"Simulink.Line",
    "icon":"LineIcon_icon"
   },
   {
    "sid":"dc_series_motor_performance_C2000:35#out:1;line",
    "rsid":"dc_series_motor_performance_C2000:35#out:1;line",
    "name":"",
    "label":"",
    "className":"Simulink.Line",
    "icon":"LineIcon_icon"
   },
   {
    "sid":"dc_series_motor_performance_C2000:11#out:1;line",
    "rsid":"dc_series_motor_performance_C2000:11#out:1;line",
    "name":"",
    "label":"",
    "className":"Simulink.Line",
    "icon":"LineIcon_icon"
   },
   {
    "sid":"dc_series_motor_performance_C2000:57#out:1;line",
    "rsid":"dc_series_motor_performance_C2000:57#out:1;line",
    "name":"",
    "label":"",
    "className":"Simulink.Line",
    "icon":"LineIcon_icon"
   },
   {
    "sid":"dc_series_motor_performance_C2000:29#out:1;line",
    "rsid":"dc_series_motor_performance_C2000:29#out:1;line",
    "name":"",
    "label":"",
    "className":"Simulink.Line",
    "icon":"LineIcon_icon"
   },
   {
    "sid":"dc_series_motor_performance_C2000:12#out:1;line",
    "rsid":"dc_series_motor_performance_C2000:12#out:1;line",
    "name":"",
    "label":"",
    "className":"Simulink.Line",
    "icon":"LineIcon_icon"
   },
   {
    "sid":"dc_series_motor_performance_C2000:42#out:1;line",
    "rsid":"dc_series_motor_performance_C2000:42#out:1;line",
    "name":"",
    "label":"",
    "className":"Simulink.Line",
    "icon":"LineIcon_icon"
   },
   {
    "sid":"dc_series_motor_performance_C2000:21#out:1;line",
    "rsid":"dc_series_motor_performance_C2000:21#out:1;line",
    "name":"",
    "label":"",
    "className":"Simulink.Line",
    "icon":"LineIcon_icon"
   },
   {
    "sid":"dc_series_motor_performance_C2000:4#out:1;line",
    "rsid":"dc_series_motor_performance_C2000:4#out:1;line",
    "name":"",
    "label":"",
    "className":"Simulink.Line",
    "icon":"LineIcon_icon"
   },
   {
    "sid":"dc_series_motor_performance_C2000:20#out:1;line",
    "rsid":"dc_series_motor_performance_C2000:20#out:1;line",
    "name":"",
    "label":"",
    "className":"Simulink.Line",
    "icon":"LineIcon_icon"
   },
   {
    "sid":"dc_series_motor_performance_C2000:1#out:1;line",
    "rsid":"dc_series_motor_performance_C2000:1#out:1;line",
    "name":"",
    "label":"",
    "className":"Simulink.Line",
    "icon":"LineIcon_icon"
   },
   {
    "sid":"dc_series_motor_performance_C2000:51#out:1;line",
    "rsid":"dc_series_motor_performance_C2000:51#out:1;line",
    "name":"",
    "label":"",
    "className":"Simulink.Line",
    "icon":"LineIcon_icon"
   },
   {
    "sid":"dc_series_motor_performance_C2000:53#out:1;line",
    "rsid":"dc_series_motor_performance_C2000:53#out:1;line",
    "name":"",
    "label":"",
    "className":"Simulink.Line",
    "icon":"LineIcon_icon"
   },
   {
    "sid":"dc_series_motor_performance_C2000:52#out:1;line",
    "rsid":"dc_series_motor_performance_C2000:52#out:1;line",
    "name":"",
    "label":"",
    "className":"Simulink.Line",
    "icon":"LineIcon_icon"
   },
   {
    "sid":"dc_series_motor_performance_C2000:54#out:1;line",
    "rsid":"dc_series_motor_performance_C2000:54#out:1;line",
    "name":"",
    "label":"",
    "className":"Simulink.Line",
    "icon":"LineIcon_icon"
   },
   {
    "sid":"dc_series_motor_performance_C2000:27#out:1;line",
    "rsid":"dc_series_motor_performance_C2000:27#out:1;line",
    "name":"",
    "label":"",
    "className":"Simulink.Line",
    "icon":"LineIcon_icon"
   },
   {
    "sid":"dc_series_motor_performance_C2000:6#out:1;line",
    "rsid":"dc_series_motor_performance_C2000:6#out:1;line",
    "name":"",
    "label":"",
    "className":"Simulink.Line",
    "icon":"LineIcon_icon"
   },
   {
    "sid":"dc_series_motor_performance_C2000:55#out:1;line",
    "rsid":"dc_series_motor_performance_C2000:55#out:1;line",
    "name":"",
    "label":"",
    "className":"Simulink.Line",
    "icon":"LineIcon_icon"
   }
  ],
  "sysViewURL":"support/slwebview_files/dc_series_motor_performance_C2000_d.json",
  "sameAsElement":false
 },
 {
  "hid":2,
  "sid":"dc_series_motor_performance_C2000:21",
  "rsid":"dc_series_motor_performance_C2000:21",
  "esid":"dc_series_motor_performance_C2000:21",
  "parent":1,
  "children":[
  ],
  "name":"Mechanical Load",
  "fullname":"dc_series_motor_performance_C2000/Mechanical Load",
  "label":"Mechanical Load",
  "className":"Simulink.SubSystem",
  "icon":"SubSystemIcon_icon",
  "svg":"support/slwebview_files/dc_series_motor_performance_C2000_21_d.svg",
  "thumbnail":"support/slwebview_files/dc_series_motor_performance_C2000_21_d.png",
  "elements":[
   {
    "sid":"dc_series_motor_performance_C2000:22",
    "rsid":"dc_series_motor_performance_C2000:22",
    "name":"Load 1",
    "label":"Load 1",
    "className":"Simulink.Inport",
    "icon":"BlockIcon_icon"
   },
   {
    "sid":"dc_series_motor_performance_C2000:23",
    "rsid":"dc_series_motor_performance_C2000:23",
    "name":"Load 2",
    "label":"Load 2",
    "className":"Simulink.Inport",
    "icon":"BlockIcon_icon"
   },
   {
    "sid":"dc_series_motor_performance_C2000:24",
    "rsid":"dc_series_motor_performance_C2000:24",
    "name":"Abs",
    "label":"Abs",
    "className":"Simulink.Abs",
    "icon":"BlockIcon_icon"
   },
   {
    "sid":"dc_series_motor_performance_C2000:25",
    "rsid":"dc_series_motor_performance_C2000:25",
    "name":"Subtract",
    "label":"Subtract",
    "className":"Simulink.Sum",
    "icon":"BlockIcon_icon"
   },
   {
    "sid":"dc_series_motor_performance_C2000:26",
    "rsid":"dc_series_motor_performance_C2000:26",
    "name":"Out1",
    "label":"Out1",
    "className":"Simulink.Outport",
    "icon":"BlockIcon_icon"
   },
   {
    "sid":"dc_series_motor_performance_C2000:22#out:1;line",
    "rsid":"dc_series_motor_performance_C2000:22#out:1;line",
    "name":"",
    "label":"",
    "className":"Simulink.Line",
    "icon":"LineIcon_icon"
   },
   {
    "sid":"dc_series_motor_performance_C2000:23#out:1;line",
    "rsid":"dc_series_motor_performance_C2000:23#out:1;line",
    "name":"",
    "label":"",
    "className":"Simulink.Line",
    "icon":"LineIcon_icon"
   },
   {
    "sid":"dc_series_motor_performance_C2000:24#out:1;line",
    "rsid":"dc_series_motor_performance_C2000:24#out:1;line",
    "name":"",
    "label":"",
    "className":"Simulink.Line",
    "icon":"LineIcon_icon"
   },
   {
    "sid":"dc_series_motor_performance_C2000:25#out:1;line",
    "rsid":"dc_series_motor_performance_C2000:25#out:1;line",
    "name":"",
    "label":"",
    "className":"Simulink.Line",
    "icon":"LineIcon_icon"
   }
  ],
  "sysViewURL":"support/slwebview_files/dc_series_motor_performance_C2000_21_d.json",
  "sameAsElement":false
 },
 {
  "hid":3,
  "sid":"dc_series_motor_performance_C2000:29",
  "rsid":"dc_series_motor_performance_C2000:29",
  "esid":"dc_series_motor_performance_C2000:29",
  "parent":1,
  "children":[
  ],
  "name":"Radius",
  "fullname":"dc_series_motor_performance_C2000/Radius",
  "label":"Radius",
  "className":"Simulink.SubSystem",
  "icon":"SubSystemIcon_icon",
  "svg":"support/slwebview_files/dc_series_motor_performance_C2000_29_d.svg",
  "thumbnail":"support/slwebview_files/dc_series_motor_performance_C2000_29_d.png",
  "elements":[
   {
    "sid":"dc_series_motor_performance_C2000:30",
    "rsid":"dc_series_motor_performance_C2000:30",
    "name":"Add",
    "label":"Add",
    "className":"Simulink.Sum",
    "icon":"BlockIcon_icon"
   },
   {
    "sid":"dc_series_motor_performance_C2000:31",
    "rsid":"dc_series_motor_performance_C2000:31",
    "name":"Radius",
    "label":"Radius",
    "className":"Simulink.Constant",
    "icon":"BlockIcon_icon"
   },
   {
    "sid":"dc_series_motor_performance_C2000:32",
    "rsid":"dc_series_motor_performance_C2000:32",
    "name":"Thickness",
    "label":"Thickness",
    "className":"Simulink.Constant",
    "icon":"BlockIcon_icon"
   },
   {
    "sid":"dc_series_motor_performance_C2000:33",
    "rsid":"dc_series_motor_performance_C2000:33",
    "name":"gain",
    "label":"gain",
    "className":"Simulink.Gain",
    "icon":"BlockIcon_icon"
   },
   {
    "sid":"dc_series_motor_performance_C2000:34",
    "rsid":"dc_series_motor_performance_C2000:34",
    "name":"Out1",
    "label":"Out1",
    "className":"Simulink.Outport",
    "icon":"BlockIcon_icon"
   },
   {
    "sid":"dc_series_motor_performance_C2000:31#out:1;line",
    "rsid":"dc_series_motor_performance_C2000:31#out:1;line",
    "name":"",
    "label":"",
    "className":"Simulink.Line",
    "icon":"LineIcon_icon"
   },
   {
    "sid":"dc_series_motor_performance_C2000:32#out:1;line",
    "rsid":"dc_series_motor_performance_C2000:32#out:1;line",
    "name":"",
    "label":"",
    "className":"Simulink.Line",
    "icon":"LineIcon_icon"
   },
   {
    "sid":"dc_series_motor_performance_C2000:30#out:1;line",
    "rsid":"dc_series_motor_performance_C2000:30#out:1;line",
    "name":"",
    "label":"",
    "className":"Simulink.Line",
    "icon":"LineIcon_icon"
   },
   {
    "sid":"dc_series_motor_performance_C2000:33#out:1;line",
    "rsid":"dc_series_motor_performance_C2000:33#out:1;line",
    "name":"",
    "label":"",
    "className":"Simulink.Line",
    "icon":"LineIcon_icon"
   }
  ],
  "sysViewURL":"support/slwebview_files/dc_series_motor_performance_C2000_29_d.json",
  "sameAsElement":false
 }
]