[
 {
  "sid":"dc_series_motor_performance_C2000:1",
  "inspector":{
   "params":[
    "VariableName",
    "OutDataTypeStr",
    "SampleTime",
    "Interpolate",
    "ZeroCross",
    "OutputAfterFinalValue",
    "Description"
   ],
   "values":[
    "Load_1",
    "Inherit: auto",
    "-1",
    "on",
    "on",
    "Extrapolation",
    ""
   ],
   "tabs":[
    "Parameter Attributes",
    "Documentation"
   ],
   "tabs_idx":[
    0,
    6
   ]
  },
  "viewer":{
   "jshandler":"webview/handlers/ElementHandler"
  },
  "obj_viewer":[
  ],
  "finder":{
   "blocktype":"FromWorkspace",
   "masktype":""
  }
 },
 {
  "sid":"dc_series_motor_performance_C2000:2",
  "inspector":{
   "params":[
    "VariableName",
    "OutDataTypeStr",
    "SampleTime",
    "Interpolate",
    "ZeroCross",
    "OutputAfterFinalValue",
    "Description"
   ],
   "values":[
    "Load_2",
    "Inherit: auto",
    "-1",
    "on",
    "on",
    "Extrapolation",
    ""
   ],
   "tabs":[
    "Parameter Attributes",
    "Documentation"
   ],
   "tabs_idx":[
    0,
    6
   ]
  },
  "viewer":{
   "jshandler":"webview/handlers/ElementHandler"
  },
  "obj_viewer":[
  ],
  "finder":{
   "blocktype":"FromWorkspace",
   "masktype":""
  }
 },
 {
  "sid":"dc_series_motor_performance_C2000:4",
  "inspector":{
   "params":[
    "DisplayTime",
    "Decimation",
    "Description"
   ],
   "values":[
    "off",
    "10",
    ""
   ],
   "tabs":[
    "Parameter Attributes",
    "Documentation"
   ],
   "tabs_idx":[
    0,
    2
   ]
  },
  "viewer":{
   "jshandler":"webview/handlers/ElementHandler"
  },
  "obj_viewer":[
  ],
  "finder":{
   "blocktype":"Clock",
   "masktype":""
  }
 },
 {
  "sid":"dc_series_motor_performance_C2000:53",
  "inspector":{
   "params":[
    "Value",
    "VectorParams1D",
    "SampleTime",
    "OutMin",
    "OutMax",
    "OutDataTypeStr",
    "LockScale",
    "Description",
    "FramePeriod"
   ],
   "values":[
    "60",
    "on",
    "inf",
    "[]",
    "[]",
    "Inherit: Inherit from 'Constant value'",
    "off",
    "",
    "inf"
   ],
   "tabs":[
    "Main",
    "Signal Attributes",
    "Documentation",
    "-Other"
   ],
   "tabs_idx":[
    0,
    3,
    7,
    8
   ]
  },
  "viewer":{
   "jshandler":"webview/handlers/ElementHandler"
  },
  "obj_viewer":[
  ],
  "finder":{
   "blocktype":"Constant",
   "masktype":""
  }
 },
 {
  "sid":"dc_series_motor_performance_C2000:7",
  "inspector":[
  ],
  "viewer":{
   "jshandler":"webview/handlers/ElementHandler"
  },
  "obj_viewer":[
  ],
  "finder":{
   "blocktype":"Scope",
   "masktype":""
  }
 },
 {
  "sid":"dc_series_motor_performance_C2000:8",
  "inspector":[
  ],
  "viewer":{
   "jshandler":"webview/handlers/ElementHandler"
  },
  "obj_viewer":[
  ],
  "finder":{
   "blocktype":"Scope",
   "masktype":""
  }
 },
 {
  "sid":"dc_series_motor_performance_C2000:6",
  "inspector":{
   "params":[
    "Inputs",
    "Multiplication",
    "InputSameDT",
    "OutMin",
    "OutMax",
    "OutDataTypeStr",
    "LockScale",
    "RndMeth",
    "SaturateOnIntegerOverflow",
    "Description",
    "CollapseDim",
    "CollapseMode",
    "SampleTime"
   ],
   "values":[
    "*/",
    "Element-wise(.*)",
    "off",
    "[]",
    "[]",
    "Inherit: Inherit via internal rule",
    "off",
    "Floor",
    "off",
    "",
    "1",
    "All dimensions",
    "-1"
   ],
   "tabs":[
    "Main",
    "Signal Attributes",
    "Documentation",
    "-Other"
   ],
   "tabs_idx":[
    0,
    2,
    9,
    10
   ]
  },
  "viewer":{
   "jshandler":"webview/handlers/ElementHandler"
  },
  "obj_viewer":[
  ],
  "finder":{
   "blocktype":"Product",
   "masktype":""
  }
 },
 {
  "sid":"dc_series_motor_performance_C2000:55",
  "inspector":{
   "params":[
    "Gain",
    "Multiplication",
    "OutMin",
    "OutMax",
    "OutDataTypeStr",
    "LockScale",
    "RndMeth",
    "SaturateOnIntegerOverflow",
    "ParamMin",
    "ParamMax",
    "ParamDataTypeStr",
    "Description",
    "SampleTime"
   ],
   "values":[
    "100",
    "Element-wise(K.*u)",
    "[]",
    "[]",
    "Inherit: Inherit via internal rule",
    "off",
    "Floor",
    "off",
    "[]",
    "[]",
    "Inherit: Inherit via internal rule",
    "",
    "-1"
   ],
   "tabs":[
    "Main",
    "Signal Attributes",
    "Parameter Attributes",
    "Documentation",
    "-Other"
   ],
   "tabs_idx":[
    0,
    2,
    8,
    11,
    12
   ]
  },
  "viewer":{
   "jshandler":"webview/handlers/ElementHandler"
  },
  "obj_viewer":[
  ],
  "finder":{
   "blocktype":"Gain",
   "masktype":""
  }
 },
 {
  "sid":"dc_series_motor_performance_C2000:50",
  "inspector":{
   "params":[
    "VariableName",
    "OutDataTypeStr",
    "SampleTime",
    "Interpolate",
    "ZeroCross",
    "OutputAfterFinalValue",
    "Description"
   ],
   "values":[
    "speed",
    "Inherit: auto",
    "1",
    "on",
    "on",
    "Extrapolation",
    ""
   ],
   "tabs":[
    "Parameter Attributes",
    "Documentation"
   ],
   "tabs_idx":[
    0,
    6
   ]
  },
  "viewer":{
   "jshandler":"webview/handlers/ElementHandler"
  },
  "obj_viewer":[
  ],
  "finder":{
   "blocktype":"FromWorkspace",
   "masktype":""
  }
 },
 {
  "sid":"dc_series_motor_performance_C2000:10",
  "inspector":{
   "params":[
    "GotoTag",
    "IconDisplay",
    "Description"
   ],
   "values":[
    "output_power",
    "Tag",
    ""
   ],
   "tabs":[
    "Parameter Attributes",
    "Documentation"
   ],
   "tabs_idx":[
    0,
    2
   ]
  },
  "viewer":{
   "jshandler":"webview/handlers/ElementLinkHandler",
   "destinations":[
    "dc_series_motor_performance_C2000:16"
   ]
  },
  "obj_viewer":[
  ],
  "finder":{
   "blocktype":"From",
   "masktype":""
  }
 },
 {
  "sid":"dc_series_motor_performance_C2000:11",
  "inspector":{
   "params":[
    "GotoTag",
    "IconDisplay",
    "Description"
   ],
   "values":[
    "input_power",
    "Tag",
    ""
   ],
   "tabs":[
    "Parameter Attributes",
    "Documentation"
   ],
   "tabs_idx":[
    0,
    2
   ]
  },
  "viewer":{
   "jshandler":"webview/handlers/ElementLinkHandler",
   "destinations":[
    "dc_series_motor_performance_C2000:15"
   ]
  },
  "obj_viewer":[
  ],
  "finder":{
   "blocktype":"From",
   "masktype":""
  }
 },
 {
  "sid":"dc_series_motor_performance_C2000:15",
  "inspector":{
   "params":[
    "GotoTag",
    "TagVisibility",
    "IconDisplay",
    "Description"
   ],
   "values":[
    "input_power",
    "local",
    "Tag",
    ""
   ],
   "tabs":[
    "Parameter Attributes",
    "Documentation"
   ],
   "tabs_idx":[
    0,
    3
   ]
  },
  "viewer":{
   "jshandler":"webview/handlers/ElementLinkHandler",
   "destinations":[
    "dc_series_motor_performance_C2000:12",
    "dc_series_motor_performance_C2000:42",
    "dc_series_motor_performance_C2000:11"
   ]
  },
  "obj_viewer":[
  ],
  "finder":{
   "blocktype":"Goto",
   "masktype":""
  }
 },
 {
  "sid":"dc_series_motor_performance_C2000:16",
  "inspector":{
   "params":[
    "GotoTag",
    "TagVisibility",
    "IconDisplay",
    "Description"
   ],
   "values":[
    "output_power",
    "local",
    "Tag",
    ""
   ],
   "tabs":[
    "Parameter Attributes",
    "Documentation"
   ],
   "tabs_idx":[
    0,
    3
   ]
  },
  "viewer":{
   "jshandler":"webview/handlers/ElementLinkHandler",
   "destinations":[
    "dc_series_motor_performance_C2000:45",
    "dc_series_motor_performance_C2000:9",
    "dc_series_motor_performance_C2000:10"
   ]
  },
  "obj_viewer":[
  ],
  "finder":{
   "blocktype":"Goto",
   "masktype":""
  }
 },
 {
  "sid":"dc_series_motor_performance_C2000:17",
  "inspector":{
   "params":[
    "GotoTag",
    "TagVisibility",
    "IconDisplay",
    "Description"
   ],
   "values":[
    "torque",
    "local",
    "Tag",
    ""
   ],
   "tabs":[
    "Parameter Attributes",
    "Documentation"
   ],
   "tabs_idx":[
    0,
    3
   ]
  },
  "viewer":{
   "jshandler":"webview/handlers/ElementLinkHandler",
   "destinations":[
    "dc_series_motor_performance_C2000:51",
    "dc_series_motor_performance_C2000:46"
   ]
  },
  "obj_viewer":[
  ],
  "finder":{
   "blocktype":"Goto",
   "masktype":""
  }
 },
 {
  "sid":"dc_series_motor_performance_C2000:18",
  "inspector":{
   "params":[
    "GotoTag",
    "TagVisibility",
    "IconDisplay",
    "Description"
   ],
   "values":[
    "line_current",
    "local",
    "Tag",
    ""
   ],
   "tabs":[
    "Parameter Attributes",
    "Documentation"
   ],
   "tabs_idx":[
    0,
    3
   ]
  },
  "viewer":{
   "jshandler":"webview/handlers/ElementLinkHandler",
   "destinations":[
    "dc_series_motor_performance_C2000:13"
   ]
  },
  "obj_viewer":[
  ],
  "finder":{
   "blocktype":"Goto",
   "masktype":""
  }
 },
 {
  "sid":"dc_series_motor_performance_C2000:19",
  "inspector":{
   "params":[
    "GotoTag",
    "TagVisibility",
    "IconDisplay",
    "Description"
   ],
   "values":[
    "speed",
    "local",
    "Tag",
    ""
   ],
   "tabs":[
    "Parameter Attributes",
    "Documentation"
   ],
   "tabs_idx":[
    0,
    3
   ]
  },
  "viewer":{
   "jshandler":"webview/handlers/ElementLinkHandler",
   "destinations":[
    "dc_series_motor_performance_C2000:14"
   ]
  },
  "obj_viewer":[
  ],
  "finder":{
   "blocktype":"Goto",
   "masktype":""
  }
 },
 {
  "sid":"dc_series_motor_performance_C2000:20",
  "inspector":{
   "params":[
    "Inputs",
    "Multiplication",
    "InputSameDT",
    "OutMin",
    "OutMax",
    "OutDataTypeStr",
    "LockScale",
    "RndMeth",
    "SaturateOnIntegerOverflow",
    "Description",
    "CollapseDim",
    "CollapseMode",
    "SampleTime"
   ],
   "values":[
    "2",
    "Element-wise(.*)",
    "off",
    "[]",
    "[]",
    "Inherit: Inherit via internal rule",
    "off",
    "Floor",
    "off",
    "",
    "1",
    "All dimensions",
    "-1"
   ],
   "tabs":[
    "Main",
    "Signal Attributes",
    "Documentation",
    "-Other"
   ],
   "tabs_idx":[
    0,
    2,
    9,
    10
   ]
  },
  "viewer":{
   "jshandler":"webview/handlers/ElementHandler"
  },
  "obj_viewer":[
  ],
  "finder":{
   "blocktype":"Product",
   "masktype":""
  }
 },
 {
  "sid":"dc_series_motor_performance_C2000:21",
  "inspector":{
   "params":[
    "ShowPortLabels",
    "Permissions",
    "ErrorFcn",
    "PermitHierarchicalResolution",
    "TreatAsAtomicUnit",
    "TreatAsGroupedWhenPropagatingVariantConditions",
    "RTWSystemCode",
    "Description",
    "AllowFlexibleInterface",
    "AllowZeroVariantControls",
    "AutoFrameSizeCalculation",
    "BlockChoice",
    "ExecutionDomainType",
    "FunctionInterfaceSpec",
    "FunctionWithSeparateData",
    "IsSubsystemVirtual",
    "LabelModeActiveChoice",
    "Latency",
    "MemberBlocks",
    "MinAlgLoopOccurrences",
    "PartitionName",
    "PropagateVariantConditions",
    "RTWFcnName",
    "RTWFcnNameOpts",
    "RTWFileName",
    "RTWFileNameOpts",
    "RTWMemSecDataConstants",
    "RTWMemSecDataInternal",
    "RTWMemSecDataParameters",
    "RTWMemSecFuncExecute",
    "RTWMemSecFuncInitTerm",
    "ReferencedSubsystem",
    "ScheduleAs",
    "SetExecutionDomain",
    "ShowSubsystemReinitializePorts",
    "SystemSampleTime",
    "TemplateBlock",
    "Variant",
    "VariantActivationTime",
    "VariantChoices",
    "VariantChoicesEnumeration",
    "VariantChoicesSpecifier",
    "VariantControl",
    "VariantControlMode",
    "VariantControlVariable"
   ],
   "values":[
    "FromPortIcon",
    "ReadWrite",
    "",
    "All",
    "off",
    "on",
    "Auto",
    "",
    "on",
    "off",
    "off",
    "",
    "Deduce",
    "void_void",
    "off",
    "on",
    "",
    "0",
    "",
    "off",
    "",
    "off",
    "",
    "Auto",
    "",
    "Auto",
    "Inherit from model",
    "Inherit from model",
    "Inherit from model",
    "Inherit from model",
    "Inherit from model",
    "",
    "Sample time",
    "off",
    "off",
    "-1",
    "",
    "off",
    "update diagram",
    [
    ],
    "",
    "",
    "",
    "expression",
    ""
   ],
   "tabs":[
    "Main",
    "Code Generation",
    "Documentation",
    "-Other"
   ],
   "tabs_idx":[
    0,
    6,
    7,
    8
   ]
  },
  "viewer":{
   "jshandler":"webview/handlers/ElementHandler"
  },
  "obj_viewer":[
  ],
  "finder":{
   "blocktype":"SubSystem",
   "masktype":""
  }
 },
 {
  "sid":"dc_series_motor_performance_C2000:27",
  "inspector":{
   "params":[
    "Inputs",
    "Multiplication",
    "InputSameDT",
    "OutMin",
    "OutMax",
    "OutDataTypeStr",
    "LockScale",
    "RndMeth",
    "SaturateOnIntegerOverflow",
    "Description",
    "CollapseDim",
    "CollapseMode",
    "SampleTime"
   ],
   "values":[
    "2",
    "Element-wise(.*)",
    "off",
    "[]",
    "[]",
    "Inherit: Inherit via internal rule",
    "off",
    "Floor",
    "off",
    "",
    "1",
    "All dimensions",
    "-1"
   ],
   "tabs":[
    "Main",
    "Signal Attributes",
    "Documentation",
    "-Other"
   ],
   "tabs_idx":[
    0,
    2,
    9,
    10
   ]
  },
  "viewer":{
   "jshandler":"webview/handlers/ElementHandler"
  },
  "obj_viewer":[
  ],
  "finder":{
   "blocktype":"Product",
   "masktype":""
  }
 },
 {
  "sid":"dc_series_motor_performance_C2000:29",
  "inspector":{
   "params":[
    "ShowPortLabels",
    "Permissions",
    "ErrorFcn",
    "PermitHierarchicalResolution",
    "TreatAsAtomicUnit",
    "TreatAsGroupedWhenPropagatingVariantConditions",
    "RTWSystemCode",
    "Description",
    "AllowFlexibleInterface",
    "AllowZeroVariantControls",
    "AutoFrameSizeCalculation",
    "BlockChoice",
    "ExecutionDomainType",
    "FunctionInterfaceSpec",
    "FunctionWithSeparateData",
    "IsSubsystemVirtual",
    "LabelModeActiveChoice",
    "Latency",
    "MemberBlocks",
    "MinAlgLoopOccurrences",
    "PartitionName",
    "PropagateVariantConditions",
    "RTWFcnName",
    "RTWFcnNameOpts",
    "RTWFileName",
    "RTWFileNameOpts",
    "RTWMemSecDataConstants",
    "RTWMemSecDataInternal",
    "RTWMemSecDataParameters",
    "RTWMemSecFuncExecute",
    "RTWMemSecFuncInitTerm",
    "ReferencedSubsystem",
    "ScheduleAs",
    "SetExecutionDomain",
    "ShowSubsystemReinitializePorts",
    "SystemSampleTime",
    "TemplateBlock",
    "Variant",
    "VariantActivationTime",
    "VariantChoices",
    "VariantChoicesEnumeration",
    "VariantChoicesSpecifier",
    "VariantControl",
    "VariantControlMode",
    "VariantControlVariable"
   ],
   "values":[
    "FromPortIcon",
    "ReadWrite",
    "",
    "All",
    "off",
    "on",
    "Auto",
    "",
    "on",
    "off",
    "off",
    "",
    "Deduce",
    "void_void",
    "off",
    "on",
    "",
    "0",
    "",
    "off",
    "",
    "off",
    "",
    "Auto",
    "",
    "Auto",
    "Inherit from model",
    "Inherit from model",
    "Inherit from model",
    "Inherit from model",
    "Inherit from model",
    "",
    "Sample time",
    "off",
    "off",
    "-1",
    "",
    "off",
    "update diagram",
    [
    ],
    "",
    "",
    "",
    "expression",
    ""
   ],
   "tabs":[
    "Main",
    "Code Generation",
    "Documentation",
    "-Other"
   ],
   "tabs_idx":[
    0,
    6,
    7,
    8
   ]
  },
  "viewer":{
   "jshandler":"webview/handlers/ElementHandler"
  },
  "obj_viewer":[
  ],
  "finder":{
   "blocktype":"SubSystem",
   "masktype":""
  }
 },
 {
  "sid":"dc_series_motor_performance_C2000:35",
  "inspector":{
   "params":[
    "Inputs",
    "Multiplication",
    "InputSameDT",
    "OutMin",
    "OutMax",
    "OutDataTypeStr",
    "LockScale",
    "RndMeth",
    "SaturateOnIntegerOverflow",
    "Description",
    "CollapseDim",
    "CollapseMode",
    "SampleTime"
   ],
   "values":[
    "2",
    "Element-wise(.*)",
    "off",
    "[]",
    "[]",
    "Inherit: Inherit via internal rule",
    "off",
    "Floor",
    "off",
    "",
    "1",
    "All dimensions",
    "-1"
   ],
   "tabs":[
    "Main",
    "Signal Attributes",
    "Documentation",
    "-Other"
   ],
   "tabs_idx":[
    0,
    2,
    9,
    10
   ]
  },
  "viewer":{
   "jshandler":"webview/handlers/ElementHandler"
  },
  "obj_viewer":[
  ],
  "finder":{
   "blocktype":"Product",
   "masktype":""
  }
 },
 {
  "sid":"dc_series_motor_performance_C2000:36",
  "inspector":{
   "params":[
    "VariableName",
    "MaxDataPoints",
    "Decimation",
    "SaveFormat",
    "Save2DSignal",
    "FixptAsFi",
    "SampleTime",
    "Description"
   ],
   "values":[
    "t",
    "inf",
    "1",
    "Array",
    "3-D array (concatenate along third dimension)",
    "on",
    "-1",
    ""
   ],
   "tabs":[
    "Parameter Attributes",
    "Documentation"
   ],
   "tabs_idx":[
    0,
    7
   ]
  },
  "viewer":{
   "jshandler":"webview/handlers/ElementHandler"
  },
  "obj_viewer":[
  ],
  "finder":{
   "blocktype":"ToWorkspace",
   "masktype":""
  }
 },
 {
  "sid":"dc_series_motor_performance_C2000:38",
  "inspector":{
   "params":[
    "VariableName",
    "MaxDataPoints",
    "Decimation",
    "SaveFormat",
    "Save2DSignal",
    "FixptAsFi",
    "SampleTime",
    "Description"
   ],
   "values":[
    "ippwr",
    "inf",
    "1",
    "Array",
    "3-D array (concatenate along third dimension)",
    "on",
    "-1",
    ""
   ],
   "tabs":[
    "Parameter Attributes",
    "Documentation"
   ],
   "tabs_idx":[
    0,
    7
   ]
  },
  "viewer":{
   "jshandler":"webview/handlers/ElementHandler"
  },
  "obj_viewer":[
  ],
  "finder":{
   "blocktype":"ToWorkspace",
   "masktype":""
  }
 },
 {
  "sid":"dc_series_motor_performance_C2000:39",
  "inspector":{
   "params":[
    "VariableName",
    "MaxDataPoints",
    "Decimation",
    "SaveFormat",
    "Save2DSignal",
    "FixptAsFi",
    "SampleTime",
    "Description"
   ],
   "values":[
    "oppwr",
    "inf",
    "1",
    "Array",
    "3-D array (concatenate along third dimension)",
    "on",
    "-1",
    ""
   ],
   "tabs":[
    "Parameter Attributes",
    "Documentation"
   ],
   "tabs_idx":[
    0,
    7
   ]
  },
  "viewer":{
   "jshandler":"webview/handlers/ElementHandler"
  },
  "obj_viewer":[
  ],
  "finder":{
   "blocktype":"ToWorkspace",
   "masktype":""
  }
 },
 {
  "sid":"dc_series_motor_performance_C2000:40",
  "inspector":{
   "params":[
    "VariableName",
    "MaxDataPoints",
    "Decimation",
    "SaveFormat",
    "Save2DSignal",
    "FixptAsFi",
    "SampleTime",
    "Description"
   ],
   "values":[
    "torque",
    "inf",
    "1",
    "Array",
    "3-D array (concatenate along third dimension)",
    "on",
    "-1",
    ""
   ],
   "tabs":[
    "Parameter Attributes",
    "Documentation"
   ],
   "tabs_idx":[
    0,
    7
   ]
  },
  "viewer":{
   "jshandler":"webview/handlers/ElementHandler"
  },
  "obj_viewer":[
  ],
  "finder":{
   "blocktype":"ToWorkspace",
   "masktype":""
  }
 },
 {
  "sid":"dc_series_motor_performance_C2000:52",
  "inspector":{
   "params":[
    "Inputs",
    "Multiplication",
    "InputSameDT",
    "OutMin",
    "OutMax",
    "OutDataTypeStr",
    "LockScale",
    "RndMeth",
    "SaturateOnIntegerOverflow",
    "Description",
    "CollapseDim",
    "CollapseMode",
    "SampleTime"
   ],
   "values":[
    "*/",
    "Element-wise(.*)",
    "off",
    "[]",
    "[]",
    "Inherit: Inherit via internal rule",
    "off",
    "Floor",
    "off",
    "",
    "1",
    "All dimensions",
    "-1"
   ],
   "tabs":[
    "Main",
    "Signal Attributes",
    "Documentation",
    "-Other"
   ],
   "tabs_idx":[
    0,
    2,
    9,
    10
   ]
  },
  "viewer":{
   "jshandler":"webview/handlers/ElementHandler"
  },
  "obj_viewer":[
  ],
  "finder":{
   "blocktype":"Product",
   "masktype":""
  }
 },
 {
  "sid":"dc_series_motor_performance_C2000:54",
  "inspector":{
   "params":[
    "Gain",
    "Multiplication",
    "OutMin",
    "OutMax",
    "OutDataTypeStr",
    "LockScale",
    "RndMeth",
    "SaturateOnIntegerOverflow",
    "ParamMin",
    "ParamMax",
    "ParamDataTypeStr",
    "Description",
    "SampleTime"
   ],
   "values":[
    "6.28",
    "Element-wise(K.*u)",
    "[]",
    "[]",
    "Inherit: Inherit via internal rule",
    "off",
    "Floor",
    "off",
    "[]",
    "[]",
    "Inherit: Inherit via internal rule",
    "",
    "-1"
   ],
   "tabs":[
    "Main",
    "Signal Attributes",
    "Parameter Attributes",
    "Documentation",
    "-Other"
   ],
   "tabs_idx":[
    0,
    2,
    8,
    11,
    12
   ]
  },
  "viewer":{
   "jshandler":"webview/handlers/ElementHandler"
  },
  "obj_viewer":[
  ],
  "finder":{
   "blocktype":"Gain",
   "masktype":""
  }
 },
 {
  "sid":"dc_series_motor_performance_C2000:42",
  "inspector":{
   "params":[
    "GotoTag",
    "IconDisplay",
    "Description"
   ],
   "values":[
    "input_power",
    "Tag",
    ""
   ],
   "tabs":[
    "Parameter Attributes",
    "Documentation"
   ],
   "tabs_idx":[
    0,
    2
   ]
  },
  "viewer":{
   "jshandler":"webview/handlers/ElementLinkHandler",
   "destinations":[
    "dc_series_motor_performance_C2000:15"
   ]
  },
  "obj_viewer":[
  ],
  "finder":{
   "blocktype":"From",
   "masktype":""
  }
 },
 {
  "sid":"dc_series_motor_performance_C2000:12",
  "inspector":{
   "params":[
    "GotoTag",
    "IconDisplay",
    "Description"
   ],
   "values":[
    "input_power",
    "Tag",
    ""
   ],
   "tabs":[
    "Parameter Attributes",
    "Documentation"
   ],
   "tabs_idx":[
    0,
    2
   ]
  },
  "viewer":{
   "jshandler":"webview/handlers/ElementLinkHandler",
   "destinations":[
    "dc_series_motor_performance_C2000:15"
   ]
  },
  "obj_viewer":[
  ],
  "finder":{
   "blocktype":"From",
   "masktype":""
  }
 },
 {
  "sid":"dc_series_motor_performance_C2000:13",
  "inspector":{
   "params":[
    "GotoTag",
    "IconDisplay",
    "Description"
   ],
   "values":[
    "line_current",
    "Tag",
    ""
   ],
   "tabs":[
    "Parameter Attributes",
    "Documentation"
   ],
   "tabs_idx":[
    0,
    2
   ]
  },
  "viewer":{
   "jshandler":"webview/handlers/ElementLinkHandler",
   "destinations":[
    "dc_series_motor_performance_C2000:18"
   ]
  },
  "obj_viewer":[
  ],
  "finder":{
   "blocktype":"From",
   "masktype":""
  }
 },
 {
  "sid":"dc_series_motor_performance_C2000:56",
  "inspector":{
   "params":[
    "blkParamProc",
    "ADCModule",
    "samplingMode",
    "ADCResolution",
    "useSOC1",
    "useSOC2",
    "SOCAcquisitionWindow",
    "SOCTriggerSource",
    "SOCInterruptTrigger",
    "Ts",
    "dType",
    "postInterrupt",
    "interruptSel",
    "ADCINTContinuous",
    "endma",
    "chdma",
    "conv1",
    "conv2",
    "conv1_Type4",
    "conv2_Type4",
    "MaskDescription",
    "Description"
   ],
   "values":[
    "C2000",
    "1",
    "Single sample mode",
    "12-bit (Single-ended input)",
    "SOC2",
    "SOC0_SOC1",
    "7",
    "Software",
    "No ADCINT",
    "0.001",
    "double",
    "off",
    "ADCINT1",
    "on",
    "off",
    "1",
    "ADCINA2",
    "ADCINA0 and ADCINB0",
    "ADCIN0",
    "ADCIN0 and ADCIN1",
    "Configures the Type 3 to Type 5 ADC to output data collected from the ADC pins on the processor.\nSOC: Start of Conversion\nEOC: End of Conversion",
    ""
   ],
   "tabs":[
    "Parameter Attributes",
    "Documentation"
   ],
   "tabs_idx":[
    0,
    20
   ]
  },
  "viewer":{
   "jshandler":"webview/handlers/ElementHandler"
  },
  "obj_viewer":[
  ],
  "finder":{
   "blocktype":"S-Function",
   "masktype":"ADC Type 3-5",
   "referenceblock":"c2802xlib/ADC"
  }
 },
 {
  "sid":"dc_series_motor_performance_C2000:9",
  "inspector":{
   "params":[
    "GotoTag",
    "IconDisplay",
    "Description"
   ],
   "values":[
    "output_power",
    "Tag",
    ""
   ],
   "tabs":[
    "Parameter Attributes",
    "Documentation"
   ],
   "tabs_idx":[
    0,
    2
   ]
  },
  "viewer":{
   "jshandler":"webview/handlers/ElementLinkHandler",
   "destinations":[
    "dc_series_motor_performance_C2000:16"
   ]
  },
  "obj_viewer":[
  ],
  "finder":{
   "blocktype":"From",
   "masktype":""
  }
 },
 {
  "sid":"dc_series_motor_performance_C2000:45",
  "inspector":{
   "params":[
    "GotoTag",
    "IconDisplay",
    "Description"
   ],
   "values":[
    "output_power",
    "Tag",
    ""
   ],
   "tabs":[
    "Parameter Attributes",
    "Documentation"
   ],
   "tabs_idx":[
    0,
    2
   ]
  },
  "viewer":{
   "jshandler":"webview/handlers/ElementLinkHandler",
   "destinations":[
    "dc_series_motor_performance_C2000:16"
   ]
  },
  "obj_viewer":[
  ],
  "finder":{
   "blocktype":"From",
   "masktype":""
  }
 },
 {
  "sid":"dc_series_motor_performance_C2000:14",
  "inspector":{
   "params":[
    "GotoTag",
    "IconDisplay",
    "Description"
   ],
   "values":[
    "speed",
    "Tag",
    ""
   ],
   "tabs":[
    "Parameter Attributes",
    "Documentation"
   ],
   "tabs_idx":[
    0,
    2
   ]
  },
  "viewer":{
   "jshandler":"webview/handlers/ElementLinkHandler",
   "destinations":[
    "dc_series_motor_performance_C2000:19"
   ]
  },
  "obj_viewer":[
  ],
  "finder":{
   "blocktype":"From",
   "masktype":""
  }
 },
 {
  "sid":"dc_series_motor_performance_C2000:46",
  "inspector":{
   "params":[
    "GotoTag",
    "IconDisplay",
    "Description"
   ],
   "values":[
    "torque",
    "Tag",
    ""
   ],
   "tabs":[
    "Parameter Attributes",
    "Documentation"
   ],
   "tabs_idx":[
    0,
    2
   ]
  },
  "viewer":{
   "jshandler":"webview/handlers/ElementLinkHandler",
   "destinations":[
    "dc_series_motor_performance_C2000:17"
   ]
  },
  "obj_viewer":[
  ],
  "finder":{
   "blocktype":"From",
   "masktype":""
  }
 },
 {
  "sid":"dc_series_motor_performance_C2000:51",
  "inspector":{
   "params":[
    "GotoTag",
    "IconDisplay",
    "Description"
   ],
   "values":[
    "torque",
    "Tag",
    ""
   ],
   "tabs":[
    "Parameter Attributes",
    "Documentation"
   ],
   "tabs_idx":[
    0,
    2
   ]
  },
  "viewer":{
   "jshandler":"webview/handlers/ElementLinkHandler",
   "destinations":[
    "dc_series_motor_performance_C2000:17"
   ]
  },
  "obj_viewer":[
  ],
  "finder":{
   "blocktype":"From",
   "masktype":""
  }
 },
 {
  "sid":"dc_series_motor_performance_C2000:57",
  "inspector":{
   "params":[
    "blkParamProc",
    "ADCModule",
    "samplingMode",
    "ADCResolution",
    "useSOC1",
    "useSOC2",
    "SOCAcquisitionWindow",
    "SOCTriggerSource",
    "SOCInterruptTrigger",
    "Ts",
    "dType",
    "postInterrupt",
    "interruptSel",
    "ADCINTContinuous",
    "endma",
    "chdma",
    "conv1",
    "conv2",
    "conv1_Type4",
    "conv2_Type4",
    "MaskDescription",
    "Description"
   ],
   "values":[
    "C2000",
    "1",
    "Single sample mode",
    "12-bit (Single-ended input)",
    "SOC1",
    "SOC0_SOC1",
    "7",
    "Software",
    "No ADCINT",
    "0.001",
    "double",
    "off",
    "ADCINT1",
    "on",
    "off",
    "1",
    "ADCINA1",
    "ADCINA0 and ADCINB0",
    "ADCIN0",
    "ADCIN0 and ADCIN1",
    "Configures the Type 3 to Type 5 ADC to output data collected from the ADC pins on the processor.\nSOC: Start of Conversion\nEOC: End of Conversion",
    ""
   ],
   "tabs":[
    "Parameter Attributes",
    "Documentation"
   ],
   "tabs_idx":[
    0,
    20
   ]
  },
  "viewer":{
   "jshandler":"webview/handlers/ElementHandler"
  },
  "obj_viewer":[
  ],
  "finder":{
   "blocktype":"S-Function",
   "masktype":"ADC Type 3-5",
   "referenceblock":"c2802xlib/ADC"
  }
 },
 {
  "sid":"dc_series_motor_performance_C2000:13#out:1;line",
  "inspector":{
   "params":[
    "SignalNameFromLabel",
    "MustResolveToSignal",
    "ShowPropagatedSignal",
    "DataLogging",
    "TestPoint",
    "SignalObjectPackage",
    "StorageClass",
    "Description",
    "documentLink"
   ],
   "values":[
    "",
    "off",
    "off",
    "on",
    "off",
    "Simulink",
    "Auto",
    "",
    ""
   ],
   "tabs":[
    "Parameter Attributes",
    "Logging and Accessibility",
    "Code Generation",
    "Documentation"
   ],
   "tabs_idx":[
    0,
    3,
    5,
    7
   ]
  },
  "viewer":{
   "jshandler":"webview/handlers/ElementHandler"
  },
  "obj_viewer":[
  ],
  "finder":[
  ]
 },
 {
  "sid":"dc_series_motor_performance_C2000:10#out:1;line",
  "inspector":{
   "params":[
    "SignalNameFromLabel",
    "MustResolveToSignal",
    "ShowPropagatedSignal",
    "DataLogging",
    "TestPoint",
    "SignalObjectPackage",
    "StorageClass",
    "Description",
    "documentLink"
   ],
   "values":[
    "",
    "off",
    "off",
    "off",
    "off",
    "Simulink",
    "Auto",
    "",
    ""
   ],
   "tabs":[
    "Parameter Attributes",
    "Logging and Accessibility",
    "Code Generation",
    "Documentation"
   ],
   "tabs_idx":[
    0,
    3,
    5,
    7
   ]
  },
  "viewer":{
   "jshandler":"webview/handlers/ElementHandler"
  },
  "obj_viewer":[
  ],
  "finder":[
  ]
 },
 {
  "sid":"dc_series_motor_performance_C2000:9#out:1;line",
  "inspector":{
   "params":[
    "SignalNameFromLabel",
    "MustResolveToSignal",
    "ShowPropagatedSignal",
    "DataLogging",
    "TestPoint",
    "SignalObjectPackage",
    "StorageClass",
    "Description",
    "documentLink"
   ],
   "values":[
    "",
    "off",
    "off",
    "on",
    "off",
    "Simulink",
    "Auto",
    "",
    ""
   ],
   "tabs":[
    "Parameter Attributes",
    "Logging and Accessibility",
    "Code Generation",
    "Documentation"
   ],
   "tabs_idx":[
    0,
    3,
    5,
    7
   ]
  },
  "viewer":{
   "jshandler":"webview/handlers/ElementHandler"
  },
  "obj_viewer":[
  ],
  "finder":[
  ]
 },
 {
  "sid":"dc_series_motor_performance_C2000:46#out:1;line",
  "inspector":{
   "params":[
    "SignalNameFromLabel",
    "MustResolveToSignal",
    "ShowPropagatedSignal",
    "DataLogging",
    "TestPoint",
    "SignalObjectPackage",
    "StorageClass",
    "Description",
    "documentLink"
   ],
   "values":[
    "",
    "off",
    "off",
    "off",
    "off",
    "Simulink",
    "Auto",
    "",
    ""
   ],
   "tabs":[
    "Parameter Attributes",
    "Logging and Accessibility",
    "Code Generation",
    "Documentation"
   ],
   "tabs_idx":[
    0,
    3,
    5,
    7
   ]
  },
  "viewer":{
   "jshandler":"webview/handlers/ElementHandler"
  },
  "obj_viewer":[
  ],
  "finder":[
  ]
 },
 {
  "sid":"dc_series_motor_performance_C2000:14#out:1;line",
  "inspector":{
   "params":[
    "SignalNameFromLabel",
    "MustResolveToSignal",
    "ShowPropagatedSignal",
    "DataLogging",
    "TestPoint",
    "SignalObjectPackage",
    "StorageClass",
    "Description",
    "documentLink"
   ],
   "values":[
    "",
    "off",
    "off",
    "on",
    "off",
    "Simulink",
    "Auto",
    "",
    ""
   ],
   "tabs":[
    "Parameter Attributes",
    "Logging and Accessibility",
    "Code Generation",
    "Documentation"
   ],
   "tabs_idx":[
    0,
    3,
    5,
    7
   ]
  },
  "viewer":{
   "jshandler":"webview/handlers/ElementHandler"
  },
  "obj_viewer":[
  ],
  "finder":[
  ]
 },
 {
  "sid":"dc_series_motor_performance_C2000:56#out:1;line",
  "inspector":{
   "params":[
    "SignalNameFromLabel",
    "MustResolveToSignal",
    "ShowPropagatedSignal",
    "DataLogging",
    "TestPoint",
    "SignalObjectPackage",
    "StorageClass",
    "Description",
    "documentLink"
   ],
   "values":[
    "",
    "off",
    "off",
    "off",
    "off",
    "Simulink",
    "Auto",
    "",
    ""
   ],
   "tabs":[
    "Parameter Attributes",
    "Logging and Accessibility",
    "Code Generation",
    "Documentation"
   ],
   "tabs_idx":[
    0,
    3,
    5,
    7
   ]
  },
  "viewer":{
   "jshandler":"webview/handlers/ElementHandler"
  },
  "obj_viewer":[
  ],
  "finder":[
  ]
 },
 {
  "sid":"dc_series_motor_performance_C2000:45#out:1;line",
  "inspector":{
   "params":[
    "SignalNameFromLabel",
    "MustResolveToSignal",
    "ShowPropagatedSignal",
    "DataLogging",
    "TestPoint",
    "SignalObjectPackage",
    "StorageClass",
    "Description",
    "documentLink"
   ],
   "values":[
    "",
    "off",
    "off",
    "off",
    "off",
    "Simulink",
    "Auto",
    "",
    ""
   ],
   "tabs":[
    "Parameter Attributes",
    "Logging and Accessibility",
    "Code Generation",
    "Documentation"
   ],
   "tabs_idx":[
    0,
    3,
    5,
    7
   ]
  },
  "viewer":{
   "jshandler":"webview/handlers/ElementHandler"
  },
  "obj_viewer":[
  ],
  "finder":[
  ]
 },
 {
  "sid":"dc_series_motor_performance_C2000:50#out:1;line",
  "inspector":{
   "params":[
    "SignalNameFromLabel",
    "MustResolveToSignal",
    "ShowPropagatedSignal",
    "DataLogging",
    "TestPoint",
    "SignalObjectPackage",
    "StorageClass",
    "Description",
    "documentLink"
   ],
   "values":[
    "",
    "off",
    "off",
    "off",
    "off",
    "Simulink",
    "Auto",
    "",
    ""
   ],
   "tabs":[
    "Parameter Attributes",
    "Logging and Accessibility",
    "Code Generation",
    "Documentation"
   ],
   "tabs_idx":[
    0,
    3,
    5,
    7
   ]
  },
  "viewer":{
   "jshandler":"webview/handlers/ElementHandler"
  },
  "obj_viewer":[
  ],
  "finder":[
  ]
 },
 {
  "sid":"dc_series_motor_performance_C2000:2#out:1;line",
  "inspector":{
   "params":[
    "SignalNameFromLabel",
    "MustResolveToSignal",
    "ShowPropagatedSignal",
    "DataLogging",
    "TestPoint",
    "SignalObjectPackage",
    "StorageClass",
    "Description",
    "documentLink"
   ],
   "values":[
    "",
    "off",
    "off",
    "off",
    "off",
    "Simulink",
    "Auto",
    "",
    ""
   ],
   "tabs":[
    "Parameter Attributes",
    "Logging and Accessibility",
    "Code Generation",
    "Documentation"
   ],
   "tabs_idx":[
    0,
    3,
    5,
    7
   ]
  },
  "viewer":{
   "jshandler":"webview/handlers/ElementHandler"
  },
  "obj_viewer":[
  ],
  "finder":[
  ]
 },
 {
  "sid":"dc_series_motor_performance_C2000:35#out:1;line",
  "inspector":{
   "params":[
    "SignalNameFromLabel",
    "MustResolveToSignal",
    "ShowPropagatedSignal",
    "DataLogging",
    "TestPoint",
    "SignalObjectPackage",
    "StorageClass",
    "Description",
    "documentLink"
   ],
   "values":[
    "",
    "off",
    "off",
    "off",
    "off",
    "Simulink",
    "Auto",
    "",
    ""
   ],
   "tabs":[
    "Parameter Attributes",
    "Logging and Accessibility",
    "Code Generation",
    "Documentation"
   ],
   "tabs_idx":[
    0,
    3,
    5,
    7
   ]
  },
  "viewer":{
   "jshandler":"webview/handlers/ElementHandler"
  },
  "obj_viewer":[
  ],
  "finder":[
  ]
 },
 {
  "sid":"dc_series_motor_performance_C2000:11#out:1;line",
  "inspector":{
   "params":[
    "SignalNameFromLabel",
    "MustResolveToSignal",
    "ShowPropagatedSignal",
    "DataLogging",
    "TestPoint",
    "SignalObjectPackage",
    "StorageClass",
    "Description",
    "documentLink"
   ],
   "values":[
    "",
    "off",
    "off",
    "off",
    "off",
    "Simulink",
    "Auto",
    "",
    ""
   ],
   "tabs":[
    "Parameter Attributes",
    "Logging and Accessibility",
    "Code Generation",
    "Documentation"
   ],
   "tabs_idx":[
    0,
    3,
    5,
    7
   ]
  },
  "viewer":{
   "jshandler":"webview/handlers/ElementHandler"
  },
  "obj_viewer":[
  ],
  "finder":[
  ]
 },
 {
  "sid":"dc_series_motor_performance_C2000:57#out:1;line",
  "inspector":{
   "params":[
    "SignalNameFromLabel",
    "MustResolveToSignal",
    "ShowPropagatedSignal",
    "DataLogging",
    "TestPoint",
    "SignalObjectPackage",
    "StorageClass",
    "Description",
    "documentLink"
   ],
   "values":[
    "",
    "off",
    "off",
    "off",
    "off",
    "Simulink",
    "Auto",
    "",
    ""
   ],
   "tabs":[
    "Parameter Attributes",
    "Logging and Accessibility",
    "Code Generation",
    "Documentation"
   ],
   "tabs_idx":[
    0,
    3,
    5,
    7
   ]
  },
  "viewer":{
   "jshandler":"webview/handlers/ElementHandler"
  },
  "obj_viewer":[
  ],
  "finder":[
  ]
 },
 {
  "sid":"dc_series_motor_performance_C2000:29#out:1;line",
  "inspector":{
   "params":[
    "SignalNameFromLabel",
    "MustResolveToSignal",
    "ShowPropagatedSignal",
    "DataLogging",
    "TestPoint",
    "SignalObjectPackage",
    "StorageClass",
    "Description",
    "documentLink"
   ],
   "values":[
    "",
    "off",
    "off",
    "off",
    "off",
    "Simulink",
    "Auto",
    "",
    ""
   ],
   "tabs":[
    "Parameter Attributes",
    "Logging and Accessibility",
    "Code Generation",
    "Documentation"
   ],
   "tabs_idx":[
    0,
    3,
    5,
    7
   ]
  },
  "viewer":{
   "jshandler":"webview/handlers/ElementHandler"
  },
  "obj_viewer":[
  ],
  "finder":[
  ]
 },
 {
  "sid":"dc_series_motor_performance_C2000:12#out:1;line",
  "inspector":{
   "params":[
    "SignalNameFromLabel",
    "MustResolveToSignal",
    "ShowPropagatedSignal",
    "DataLogging",
    "TestPoint",
    "SignalObjectPackage",
    "StorageClass",
    "Description",
    "documentLink"
   ],
   "values":[
    "",
    "off",
    "off",
    "on",
    "off",
    "Simulink",
    "Auto",
    "",
    ""
   ],
   "tabs":[
    "Parameter Attributes",
    "Logging and Accessibility",
    "Code Generation",
    "Documentation"
   ],
   "tabs_idx":[
    0,
    3,
    5,
    7
   ]
  },
  "viewer":{
   "jshandler":"webview/handlers/ElementHandler"
  },
  "obj_viewer":[
  ],
  "finder":[
  ]
 },
 {
  "sid":"dc_series_motor_performance_C2000:42#out:1;line",
  "inspector":{
   "params":[
    "SignalNameFromLabel",
    "MustResolveToSignal",
    "ShowPropagatedSignal",
    "DataLogging",
    "TestPoint",
    "SignalObjectPackage",
    "StorageClass",
    "Description",
    "documentLink"
   ],
   "values":[
    "",
    "off",
    "off",
    "off",
    "off",
    "Simulink",
    "Auto",
    "",
    ""
   ],
   "tabs":[
    "Parameter Attributes",
    "Logging and Accessibility",
    "Code Generation",
    "Documentation"
   ],
   "tabs_idx":[
    0,
    3,
    5,
    7
   ]
  },
  "viewer":{
   "jshandler":"webview/handlers/ElementHandler"
  },
  "obj_viewer":[
  ],
  "finder":[
  ]
 },
 {
  "sid":"dc_series_motor_performance_C2000:21#out:1;line",
  "inspector":{
   "params":[
    "SignalNameFromLabel",
    "MustResolveToSignal",
    "ShowPropagatedSignal",
    "DataLogging",
    "TestPoint",
    "SignalObjectPackage",
    "StorageClass",
    "Description",
    "documentLink"
   ],
   "values":[
    "",
    "off",
    "off",
    "off",
    "off",
    "Simulink",
    "Auto",
    "",
    ""
   ],
   "tabs":[
    "Parameter Attributes",
    "Logging and Accessibility",
    "Code Generation",
    "Documentation"
   ],
   "tabs_idx":[
    0,
    3,
    5,
    7
   ]
  },
  "viewer":{
   "jshandler":"webview/handlers/ElementHandler"
  },
  "obj_viewer":[
  ],
  "finder":[
  ]
 },
 {
  "sid":"dc_series_motor_performance_C2000:4#out:1;line",
  "inspector":{
   "params":[
    "SignalNameFromLabel",
    "MustResolveToSignal",
    "ShowPropagatedSignal",
    "DataLogging",
    "TestPoint",
    "SignalObjectPackage",
    "StorageClass",
    "Description",
    "documentLink"
   ],
   "values":[
    "",
    "off",
    "off",
    "off",
    "off",
    "Simulink",
    "Auto",
    "",
    ""
   ],
   "tabs":[
    "Parameter Attributes",
    "Logging and Accessibility",
    "Code Generation",
    "Documentation"
   ],
   "tabs_idx":[
    0,
    3,
    5,
    7
   ]
  },
  "viewer":{
   "jshandler":"webview/handlers/ElementHandler"
  },
  "obj_viewer":[
  ],
  "finder":[
  ]
 },
 {
  "sid":"dc_series_motor_performance_C2000:20#out:1;line",
  "inspector":{
   "params":[
    "SignalNameFromLabel",
    "MustResolveToSignal",
    "ShowPropagatedSignal",
    "DataLogging",
    "TestPoint",
    "SignalObjectPackage",
    "StorageClass",
    "Description",
    "documentLink"
   ],
   "values":[
    "",
    "off",
    "off",
    "off",
    "off",
    "Simulink",
    "Auto",
    "",
    ""
   ],
   "tabs":[
    "Parameter Attributes",
    "Logging and Accessibility",
    "Code Generation",
    "Documentation"
   ],
   "tabs_idx":[
    0,
    3,
    5,
    7
   ]
  },
  "viewer":{
   "jshandler":"webview/handlers/ElementHandler"
  },
  "obj_viewer":[
  ],
  "finder":[
  ]
 },
 {
  "sid":"dc_series_motor_performance_C2000:1#out:1;line",
  "inspector":{
   "params":[
    "SignalNameFromLabel",
    "MustResolveToSignal",
    "ShowPropagatedSignal",
    "DataLogging",
    "TestPoint",
    "SignalObjectPackage",
    "StorageClass",
    "Description",
    "documentLink"
   ],
   "values":[
    "",
    "off",
    "off",
    "off",
    "off",
    "Simulink",
    "Auto",
    "",
    ""
   ],
   "tabs":[
    "Parameter Attributes",
    "Logging and Accessibility",
    "Code Generation",
    "Documentation"
   ],
   "tabs_idx":[
    0,
    3,
    5,
    7
   ]
  },
  "viewer":{
   "jshandler":"webview/handlers/ElementHandler"
  },
  "obj_viewer":[
  ],
  "finder":[
  ]
 },
 {
  "sid":"dc_series_motor_performance_C2000:51#out:1;line",
  "inspector":{
   "params":[
    "SignalNameFromLabel",
    "MustResolveToSignal",
    "ShowPropagatedSignal",
    "DataLogging",
    "TestPoint",
    "SignalObjectPackage",
    "StorageClass",
    "Description",
    "documentLink"
   ],
   "values":[
    "",
    "off",
    "off",
    "on",
    "off",
    "Simulink",
    "Auto",
    "",
    ""
   ],
   "tabs":[
    "Parameter Attributes",
    "Logging and Accessibility",
    "Code Generation",
    "Documentation"
   ],
   "tabs_idx":[
    0,
    3,
    5,
    7
   ]
  },
  "viewer":{
   "jshandler":"webview/handlers/ElementHandler"
  },
  "obj_viewer":[
  ],
  "finder":[
  ]
 },
 {
  "sid":"dc_series_motor_performance_C2000:53#out:1;line",
  "inspector":{
   "params":[
    "SignalNameFromLabel",
    "MustResolveToSignal",
    "ShowPropagatedSignal",
    "DataLogging",
    "TestPoint",
    "SignalObjectPackage",
    "StorageClass",
    "Description",
    "documentLink"
   ],
   "values":[
    "",
    "off",
    "off",
    "off",
    "off",
    "Simulink",
    "Auto",
    "",
    ""
   ],
   "tabs":[
    "Parameter Attributes",
    "Logging and Accessibility",
    "Code Generation",
    "Documentation"
   ],
   "tabs_idx":[
    0,
    3,
    5,
    7
   ]
  },
  "viewer":{
   "jshandler":"webview/handlers/ElementHandler"
  },
  "obj_viewer":[
  ],
  "finder":[
  ]
 },
 {
  "sid":"dc_series_motor_performance_C2000:52#out:1;line",
  "inspector":{
   "params":[
    "SignalNameFromLabel",
    "MustResolveToSignal",
    "ShowPropagatedSignal",
    "DataLogging",
    "TestPoint",
    "SignalObjectPackage",
    "StorageClass",
    "Description",
    "documentLink"
   ],
   "values":[
    "",
    "off",
    "off",
    "off",
    "off",
    "Simulink",
    "Auto",
    "",
    ""
   ],
   "tabs":[
    "Parameter Attributes",
    "Logging and Accessibility",
    "Code Generation",
    "Documentation"
   ],
   "tabs_idx":[
    0,
    3,
    5,
    7
   ]
  },
  "viewer":{
   "jshandler":"webview/handlers/ElementHandler"
  },
  "obj_viewer":[
  ],
  "finder":[
  ]
 },
 {
  "sid":"dc_series_motor_performance_C2000:54#out:1;line",
  "inspector":{
   "params":[
    "SignalNameFromLabel",
    "MustResolveToSignal",
    "ShowPropagatedSignal",
    "DataLogging",
    "TestPoint",
    "SignalObjectPackage",
    "StorageClass",
    "Description",
    "documentLink"
   ],
   "values":[
    "",
    "off",
    "off",
    "off",
    "off",
    "Simulink",
    "Auto",
    "",
    ""
   ],
   "tabs":[
    "Parameter Attributes",
    "Logging and Accessibility",
    "Code Generation",
    "Documentation"
   ],
   "tabs_idx":[
    0,
    3,
    5,
    7
   ]
  },
  "viewer":{
   "jshandler":"webview/handlers/ElementHandler"
  },
  "obj_viewer":[
  ],
  "finder":[
  ]
 },
 {
  "sid":"dc_series_motor_performance_C2000:27#out:1;line",
  "inspector":{
   "params":[
    "SignalNameFromLabel",
    "MustResolveToSignal",
    "ShowPropagatedSignal",
    "DataLogging",
    "TestPoint",
    "SignalObjectPackage",
    "StorageClass",
    "Description",
    "documentLink"
   ],
   "values":[
    "",
    "off",
    "off",
    "off",
    "off",
    "Simulink",
    "Auto",
    "",
    ""
   ],
   "tabs":[
    "Parameter Attributes",
    "Logging and Accessibility",
    "Code Generation",
    "Documentation"
   ],
   "tabs_idx":[
    0,
    3,
    5,
    7
   ]
  },
  "viewer":{
   "jshandler":"webview/handlers/ElementHandler"
  },
  "obj_viewer":[
  ],
  "finder":[
  ]
 },
 {
  "sid":"dc_series_motor_performance_C2000:6#out:1;line",
  "inspector":{
   "params":[
    "SignalNameFromLabel",
    "MustResolveToSignal",
    "ShowPropagatedSignal",
    "DataLogging",
    "TestPoint",
    "SignalObjectPackage",
    "StorageClass",
    "Description",
    "documentLink"
   ],
   "values":[
    "",
    "off",
    "off",
    "off",
    "off",
    "Simulink",
    "Auto",
    "",
    ""
   ],
   "tabs":[
    "Parameter Attributes",
    "Logging and Accessibility",
    "Code Generation",
    "Documentation"
   ],
   "tabs_idx":[
    0,
    3,
    5,
    7
   ]
  },
  "viewer":{
   "jshandler":"webview/handlers/ElementHandler"
  },
  "obj_viewer":[
  ],
  "finder":[
  ]
 },
 {
  "sid":"dc_series_motor_performance_C2000:55#out:1;line",
  "inspector":{
   "params":[
    "SignalNameFromLabel",
    "MustResolveToSignal",
    "ShowPropagatedSignal",
    "DataLogging",
    "TestPoint",
    "SignalObjectPackage",
    "StorageClass",
    "Description",
    "documentLink"
   ],
   "values":[
    "",
    "off",
    "off",
    "on",
    "off",
    "Simulink",
    "Auto",
    "",
    ""
   ],
   "tabs":[
    "Parameter Attributes",
    "Logging and Accessibility",
    "Code Generation",
    "Documentation"
   ],
   "tabs_idx":[
    0,
    3,
    5,
    7
   ]
  },
  "viewer":{
   "jshandler":"webview/handlers/ElementHandler"
  },
  "obj_viewer":[
  ],
  "finder":[
  ]
 }
]