{
 "version":3,
 "baseUrl":"support/slwebview_files",
 "homeHid":1,
 "sections":[
  {
   "hid":1,
   "sid":"Performance_analyzer_system_design",
   "name":"Performance_analyzer_system_design",
   "fullname":"Performance_analyzer_system_design",
   "label":"Performance_analyzer_system_design",
   "parent":0,
   "descendantIDs":[
    2,
    3,
    4,
    5,
    6
   ],
   "descendantsURL":"support/slwebview_files/Performance_analyzer_system_design_diagrams_1.json",
   "sysViewURL":"support/slwebview_files/Performance_analyzer_system_design_p.json"
  }
 ],
 "optViews":[
 ],
 "display":{
  "informer":false,
  "notes":false
 },
 "iconsUrl":"support/slwebview_files/icon.css"
}