{
 "version":3,
 "baseUrl":"support/slwebview_files",
 "homeHid":1,
 "sections":[
  {
   "hid":1,
   "sid":"dc_series_motor_performance_C2000_fi",
   "name":"dc_series_motor_performance_C2000_fi",
   "fullname":"dc_series_motor_performance_C2000_fi",
   "label":"dc_series_motor_performance_C2000_fi",
   "parent":0,
   "descendantIDs":[
    2,
    3
   ],
   "descendantsURL":"support/slwebview_files/dc_series_motor_performance_C2000_fi_diagrams_1.json",
   "sysViewURL":"support/slwebview_files/dc_series_motor_performance_C2000_fi_p.json"
  }
 ],
 "optViews":[
 ],
 "display":{
  "informer":false,
  "notes":false
 },
 "iconsUrl":"support/slwebview_files/icon.css"
}