[
 {
  "hid":1,
  "sid":"dcshuntwithspeedfinal",
  "rsid":"dcshuntwithspeedfinal",
  "esid":"",
  "parent":0,
  "children":[
   2,
   3
  ],
  "name":"dcshuntwithspeedfinal",
  "fullname":"dcshuntwithspeedfinal",
  "label":"dcshuntwithspeedfinal",
  "className":"Simulink.BlockDiagram",
  "icon":"SimulinkModelIcon_icon",
  "svg":"support/slwebview_files/dcshuntwithspeedfinal_d.svg",
  "thumbnail":"support/slwebview_files/dcshuntwithspeedfinal_d.png",
  "elements":[
   {
    "sid":"dcshuntwithspeedfinal:44",
    "rsid":"dcshuntwithspeedfinal:44",
    "name":"\n",
    "label":" ",
    "className":"Simulink.FromWorkspace",
    "icon":"BlockIcon_icon"
   },
   {
    "sid":"dcshuntwithspeedfinal:46",
    "rsid":"dcshuntwithspeedfinal:46",
    "name":"  ",
    "label":"  ",
    "className":"Simulink.FromWorkspace",
    "icon":"BlockIcon_icon"
   },
   {
    "sid":"dcshuntwithspeedfinal:78",
    "rsid":"dcshuntwithspeedfinal:78",
    "name":"% conversion",
    "label":"% conversion",
    "className":"Simulink.Gain",
    "icon":"BlockIcon_icon"
   },
   {
    "sid":"dcshuntwithspeedfinal:72",
    "rsid":"dcshuntwithspeedfinal:72",
    "name":"2 * pi",
    "label":"2 * pi",
    "className":"Simulink.Gain",
    "icon":"BlockIcon_icon"
   },
   {
    "sid":"dcshuntwithspeedfinal:6",
    "rsid":"dcshuntwithspeedfinal:6",
    "name":"Back EMF",
    "label":"Back EMF",
    "className":"Simulink.Scope",
    "icon":"BlockIcon_icon"
   },
   {
    "sid":"dcshuntwithspeedfinal:3",
    "rsid":"dcshuntwithspeedfinal:3",
    "name":"Clock",
    "label":"Clock",
    "className":"Simulink.Clock",
    "icon":"BlockIcon_icon"
   },
   {
    "sid":"dcshuntwithspeedfinal:73",
    "rsid":"dcshuntwithspeedfinal:73",
    "name":"Constant",
    "label":"Constant",
    "className":"Simulink.Constant",
    "icon":"BlockIcon_icon"
   },
   {
    "sid":"dcshuntwithspeedfinal:5",
    "rsid":"dcshuntwithspeedfinal:5",
    "name":"Divide",
    "label":"Divide",
    "className":"Simulink.Product",
    "icon":"BlockIcon_icon"
   },
   {
    "sid":"dcshuntwithspeedfinal:39",
    "rsid":"dcshuntwithspeedfinal:39",
    "name":"Divide1",
    "label":"Divide1",
    "className":"Simulink.Product",
    "icon":"BlockIcon_icon"
   },
   {
    "sid":"dcshuntwithspeedfinal:71",
    "rsid":"dcshuntwithspeedfinal:71",
    "name":"Divide2",
    "label":"Divide2",
    "className":"Simulink.Product",
    "icon":"BlockIcon_icon"
   },
   {
    "sid":"dcshuntwithspeedfinal:7",
    "rsid":"dcshuntwithspeedfinal:7",
    "name":"Eb1",
    "label":"Eb1",
    "className":"Simulink.Scope",
    "icon":"BlockIcon_icon"
   },
   {
    "sid":"dcshuntwithspeedfinal:38",
    "rsid":"dcshuntwithspeedfinal:38",
    "name":"Efficiency ",
    "label":"Efficiency ",
    "className":"Simulink.Scope",
    "icon":"BlockIcon_icon"
   },
   {
    "sid":"dcshuntwithspeedfinal:58",
    "rsid":"dcshuntwithspeedfinal:58",
    "name":"From1",
    "label":"From1",
    "className":"Simulink.From",
    "icon":"BlockIcon_icon"
   },
   {
    "sid":"dcshuntwithspeedfinal:54",
    "rsid":"dcshuntwithspeedfinal:54",
    "name":"From2",
    "label":"From2",
    "className":"Simulink.From",
    "icon":"BlockIcon_icon"
   },
   {
    "sid":"dcshuntwithspeedfinal:55",
    "rsid":"dcshuntwithspeedfinal:55",
    "name":"From3",
    "label":"From3",
    "className":"Simulink.From",
    "icon":"BlockIcon_icon"
   },
   {
    "sid":"dcshuntwithspeedfinal:59",
    "rsid":"dcshuntwithspeedfinal:59",
    "name":"From4",
    "label":"From4",
    "className":"Simulink.From",
    "icon":"BlockIcon_icon"
   },
   {
    "sid":"dcshuntwithspeedfinal:61",
    "rsid":"dcshuntwithspeedfinal:61",
    "name":"From5",
    "label":"From5",
    "className":"Simulink.From",
    "icon":"BlockIcon_icon"
   },
   {
    "sid":"dcshuntwithspeedfinal:64",
    "rsid":"dcshuntwithspeedfinal:64",
    "name":"From6",
    "label":"From6",
    "className":"Simulink.From",
    "icon":"BlockIcon_icon"
   },
   {
    "sid":"dcshuntwithspeedfinal:50",
    "rsid":"dcshuntwithspeedfinal:50",
    "name":"Goto",
    "label":"Goto",
    "className":"Simulink.Goto",
    "icon":"BlockIcon_icon"
   },
   {
    "sid":"dcshuntwithspeedfinal:56",
    "rsid":"dcshuntwithspeedfinal:56",
    "name":"Goto2",
    "label":"Goto2",
    "className":"Simulink.Goto",
    "icon":"BlockIcon_icon"
   },
   {
    "sid":"dcshuntwithspeedfinal:60",
    "rsid":"dcshuntwithspeedfinal:60",
    "name":"Goto3",
    "label":"Goto3",
    "className":"Simulink.Goto",
    "icon":"BlockIcon_icon"
   },
   {
    "sid":"dcshuntwithspeedfinal:62",
    "rsid":"dcshuntwithspeedfinal:62",
    "name":"Goto4",
    "label":"Goto4",
    "className":"Simulink.Goto",
    "icon":"BlockIcon_icon"
   },
   {
    "sid":"dcshuntwithspeedfinal:16",
    "rsid":"dcshuntwithspeedfinal:16",
    "name":"Input power",
    "label":"Input power",
    "className":"Simulink.Product",
    "icon":"BlockIcon_icon"
   },
   {
    "sid":"dcshuntwithspeedfinal:40",
    "rsid":"dcshuntwithspeedfinal:40",
    "name":"Mechanical Load",
    "label":"Mechanical Load",
    "className":"Simulink.SubSystem",
    "icon":"SubSystemIcon_icon"
   },
   {
    "sid":"dcshuntwithspeedfinal:17",
    "rsid":"dcshuntwithspeedfinal:17",
    "name":"Output power",
    "label":"Output power",
    "className":"Simulink.Product",
    "icon":"BlockIcon_icon"
   },
   {
    "sid":"dcshuntwithspeedfinal:18",
    "rsid":"dcshuntwithspeedfinal:18",
    "name":"RPS",
    "label":"RPS",
    "className":"Simulink.Gain",
    "icon":"BlockIcon_icon"
   },
   {
    "sid":"dcshuntwithspeedfinal:48",
    "rsid":"dcshuntwithspeedfinal:48",
    "name":"Radius",
    "label":"Radius",
    "className":"Simulink.SubSystem",
    "icon":"SubSystemIcon_icon"
   },
   {
    "sid":"dcshuntwithspeedfinal:22",
    "rsid":"dcshuntwithspeedfinal:22",
    "name":"Torque",
    "label":"Torque",
    "className":"Simulink.Product",
    "icon":"BlockIcon_icon"
   },
   {
    "sid":"dcshuntwithspeedfinal:23",
    "rsid":"dcshuntwithspeedfinal:23",
    "name":"Ttime",
    "label":"Ttime",
    "className":"Simulink.ToWorkspace",
    "icon":"BlockIcon_icon"
   },
   {
    "sid":"dcshuntwithspeedfinal:24",
    "rsid":"dcshuntwithspeedfinal:24",
    "name":"armaturecurrent",
    "label":"armaturecurrent",
    "className":"Simulink.SFunction",
    "icon":"BlockIcon_icon"
   },
   {
    "sid":"dcshuntwithspeedfinal:25",
    "rsid":"dcshuntwithspeedfinal:25",
    "name":"change in input power\n",
    "label":"change in input power ",
    "className":"Simulink.ToWorkspace",
    "icon":"BlockIcon_icon"
   },
   {
    "sid":"dcshuntwithspeedfinal:26",
    "rsid":"dcshuntwithspeedfinal:26",
    "name":"change in output power",
    "label":"change in output power",
    "className":"Simulink.ToWorkspace",
    "icon":"BlockIcon_icon"
   },
   {
    "sid":"dcshuntwithspeedfinal:28",
    "rsid":"dcshuntwithspeedfinal:28",
    "name":"change in torqe",
    "label":"change in torqe",
    "className":"Simulink.ToWorkspace",
    "icon":"BlockIcon_icon"
   },
   {
    "sid":"dcshuntwithspeedfinal:30",
    "rsid":"dcshuntwithspeedfinal:30",
    "name":"gain1",
    "label":"gain1",
    "className":"Simulink.Gain",
    "icon":"BlockIcon_icon"
   },
   {
    "sid":"dcshuntwithspeedfinal:51",
    "rsid":"dcshuntwithspeedfinal:51",
    "name":"input power",
    "label":"input power",
    "className":"Simulink.From",
    "icon":"BlockIcon_icon"
   },
   {
    "sid":"dcshuntwithspeedfinal:33",
    "rsid":"dcshuntwithspeedfinal:33",
    "name":"line current\n",
    "label":"line current ",
    "className":"Simulink.SFunction",
    "icon":"BlockIcon_icon"
   },
   {
    "sid":"dcshuntwithspeedfinal:52",
    "rsid":"dcshuntwithspeedfinal:52",
    "name":"op power",
    "label":"op power",
    "className":"Simulink.Goto",
    "icon":"BlockIcon_icon"
   },
   {
    "sid":"dcshuntwithspeedfinal:53",
    "rsid":"dcshuntwithspeedfinal:53",
    "name":"output power",
    "label":"output power",
    "className":"Simulink.From",
    "icon":"BlockIcon_icon"
   },
   {
    "sid":"dcshuntwithspeedfinal:83",
    "rsid":"dcshuntwithspeedfinal:83",
    "name":"speed",
    "label":"speed",
    "className":"Simulink.SFunction",
    "icon":"BlockIcon_icon"
   },
   {
    "sid":"dcshuntwithspeedfinal:57",
    "rsid":"dcshuntwithspeedfinal:57",
    "name":"torque",
    "label":"torque",
    "className":"Simulink.From",
    "icon":"BlockIcon_icon"
   },
   {
    "sid":"dcshuntwithspeedfinal:37",
    "rsid":"dcshuntwithspeedfinal:37",
    "name":"voltage",
    "label":"voltage",
    "className":"Simulink.SFunction",
    "icon":"BlockIcon_icon"
   },
   {
    "sid":"dcshuntwithspeedfinal:65",
    "rsid":"dcshuntwithspeedfinal:65",
    "name":"",
    "label":"",
    "className":"Simulink.Annotation",
    "icon":"annotation_icon"
   },
   {
    "sid":"dcshuntwithspeedfinal:66",
    "rsid":"dcshuntwithspeedfinal:66",
    "name":"Motor Characteristics Display",
    "label":"Motor Characteristics Display",
    "className":"Simulink.Annotation",
    "icon":"annotation_icon"
   },
   {
    "sid":"dcshuntwithspeedfinal:74",
    "rsid":"dcshuntwithspeedfinal:74",
    "name":"Torque = [ (Radius + ( Thickness / 2 )) * ( Load 1 - Load 2 ) * 9.81 ] nm ",
    "label":"Torque = [ (Radius + ( Thickness / 2 )) * ( Load 1 - Load 2 ) * 9.81 ] nm ",
    "className":"Simulink.Annotation",
    "icon":"annotation_icon"
   },
   {
    "sid":"dcshuntwithspeedfinal:75",
    "rsid":"dcshuntwithspeedfinal:75",
    "name":"Output power =  [ (2 * pi * Speed * Torque ) / 60 ]",
    "label":"Output power =  [ (2 * pi * Speed * Torque ) / 60 ]",
    "className":"Simulink.Annotation",
    "icon":"annotation_icon"
   },
   {
    "sid":"dcshuntwithspeedfinal:79",
    "rsid":"dcshuntwithspeedfinal:79",
    "name":"Input power =  voltage * line current",
    "label":"Input power =  voltage * line current",
    "className":"Simulink.Annotation",
    "icon":"annotation_icon"
   },
   {
    "sid":"dcshuntwithspeedfinal:80",
    "rsid":"dcshuntwithspeedfinal:80",
    "name":"Efficiency = Output power / Input power",
    "label":"Efficiency = Output power / Input power",
    "className":"Simulink.Annotation",
    "icon":"annotation_icon"
   },
   {
    "sid":"dcshuntwithspeedfinal:22#out:1;line",
    "rsid":"dcshuntwithspeedfinal:22#out:1;line",
    "name":"",
    "label":"",
    "className":"Simulink.Line",
    "icon":"LineIcon_icon"
   },
   {
    "sid":"dcshuntwithspeedfinal:30#out:1;line",
    "rsid":"dcshuntwithspeedfinal:30#out:1;line",
    "name":"",
    "label":"",
    "className":"Simulink.Line",
    "icon":"LineIcon_icon"
   },
   {
    "sid":"dcshuntwithspeedfinal:83#out:1;line",
    "rsid":"dcshuntwithspeedfinal:83#out:1;line",
    "name":"",
    "label":"",
    "className":"Simulink.Line",
    "icon":"LineIcon_icon"
   },
   {
    "sid":"dcshuntwithspeedfinal:3#out:1;line",
    "rsid":"dcshuntwithspeedfinal:3#out:1;line",
    "name":"",
    "label":"",
    "className":"Simulink.Line",
    "icon":"LineIcon_icon"
   },
   {
    "sid":"dcshuntwithspeedfinal:33#out:1;line",
    "rsid":"dcshuntwithspeedfinal:33#out:1;line",
    "name":"",
    "label":"",
    "className":"Simulink.Line",
    "icon":"LineIcon_icon"
   },
   {
    "sid":"dcshuntwithspeedfinal:18#out:1;line",
    "rsid":"dcshuntwithspeedfinal:18#out:1;line",
    "name":"",
    "label":"",
    "className":"Simulink.Line",
    "icon":"LineIcon_icon"
   },
   {
    "sid":"dcshuntwithspeedfinal:17#out:1;line",
    "rsid":"dcshuntwithspeedfinal:17#out:1;line",
    "name":"",
    "label":"",
    "className":"Simulink.Line",
    "icon":"LineIcon_icon"
   },
   {
    "sid":"dcshuntwithspeedfinal:24#out:1;line",
    "rsid":"dcshuntwithspeedfinal:24#out:1;line",
    "name":"",
    "label":"",
    "className":"Simulink.Line",
    "icon":"LineIcon_icon"
   },
   {
    "sid":"dcshuntwithspeedfinal:5#out:1;line",
    "rsid":"dcshuntwithspeedfinal:5#out:1;line",
    "name":"",
    "label":"",
    "className":"Simulink.Line",
    "icon":"LineIcon_icon"
   },
   {
    "sid":"dcshuntwithspeedfinal:37#out:1;line",
    "rsid":"dcshuntwithspeedfinal:37#out:1;line",
    "name":"",
    "label":"",
    "className":"Simulink.Line",
    "icon":"LineIcon_icon"
   },
   {
    "sid":"dcshuntwithspeedfinal:40#out:1;line",
    "rsid":"dcshuntwithspeedfinal:40#out:1;line",
    "name":"",
    "label":"",
    "className":"Simulink.Line",
    "icon":"LineIcon_icon"
   },
   {
    "sid":"dcshuntwithspeedfinal:44#out:1;line",
    "rsid":"dcshuntwithspeedfinal:44#out:1;line",
    "name":"",
    "label":"",
    "className":"Simulink.Line",
    "icon":"LineIcon_icon"
   },
   {
    "sid":"dcshuntwithspeedfinal:46#out:1;line",
    "rsid":"dcshuntwithspeedfinal:46#out:1;line",
    "name":"",
    "label":"",
    "className":"Simulink.Line",
    "icon":"LineIcon_icon"
   },
   {
    "sid":"dcshuntwithspeedfinal:48#out:1;line",
    "rsid":"dcshuntwithspeedfinal:48#out:1;line",
    "name":"",
    "label":"",
    "className":"Simulink.Line",
    "icon":"LineIcon_icon"
   },
   {
    "sid":"dcshuntwithspeedfinal:16#out:1;line",
    "rsid":"dcshuntwithspeedfinal:16#out:1;line",
    "name":"",
    "label":"",
    "className":"Simulink.Line",
    "icon":"LineIcon_icon"
   },
   {
    "sid":"dcshuntwithspeedfinal:51#out:1;line",
    "rsid":"dcshuntwithspeedfinal:51#out:1;line",
    "name":"",
    "label":"",
    "className":"Simulink.Line",
    "icon":"LineIcon_icon"
   },
   {
    "sid":"dcshuntwithspeedfinal:53#out:1;line",
    "rsid":"dcshuntwithspeedfinal:53#out:1;line",
    "name":"",
    "label":"",
    "className":"Simulink.Line",
    "icon":"LineIcon_icon"
   },
   {
    "sid":"dcshuntwithspeedfinal:54#out:1;line",
    "rsid":"dcshuntwithspeedfinal:54#out:1;line",
    "name":"",
    "label":"",
    "className":"Simulink.Line",
    "icon":"LineIcon_icon"
   },
   {
    "sid":"dcshuntwithspeedfinal:55#out:1;line",
    "rsid":"dcshuntwithspeedfinal:55#out:1;line",
    "name":"",
    "label":"",
    "className":"Simulink.Line",
    "icon":"LineIcon_icon"
   },
   {
    "sid":"dcshuntwithspeedfinal:57#out:1;line",
    "rsid":"dcshuntwithspeedfinal:57#out:1;line",
    "name":"",
    "label":"",
    "className":"Simulink.Line",
    "icon":"LineIcon_icon"
   },
   {
    "sid":"dcshuntwithspeedfinal:58#out:1;line",
    "rsid":"dcshuntwithspeedfinal:58#out:1;line",
    "name":"",
    "label":"",
    "className":"Simulink.Line",
    "icon":"LineIcon_icon"
   },
   {
    "sid":"dcshuntwithspeedfinal:59#out:1;line",
    "rsid":"dcshuntwithspeedfinal:59#out:1;line",
    "name":"",
    "label":"",
    "className":"Simulink.Line",
    "icon":"LineIcon_icon"
   },
   {
    "sid":"dcshuntwithspeedfinal:61#out:1;line",
    "rsid":"dcshuntwithspeedfinal:61#out:1;line",
    "name":"",
    "label":"",
    "className":"Simulink.Line",
    "icon":"LineIcon_icon"
   },
   {
    "sid":"dcshuntwithspeedfinal:64#out:1;line",
    "rsid":"dcshuntwithspeedfinal:64#out:1;line",
    "name":"",
    "label":"",
    "className":"Simulink.Line",
    "icon":"LineIcon_icon"
   },
   {
    "sid":"dcshuntwithspeedfinal:72#out:1;line",
    "rsid":"dcshuntwithspeedfinal:72#out:1;line",
    "name":"",
    "label":"",
    "className":"Simulink.Line",
    "icon":"LineIcon_icon"
   },
   {
    "sid":"dcshuntwithspeedfinal:73#out:1;line",
    "rsid":"dcshuntwithspeedfinal:73#out:1;line",
    "name":"",
    "label":"",
    "className":"Simulink.Line",
    "icon":"LineIcon_icon"
   },
   {
    "sid":"dcshuntwithspeedfinal:71#out:1;line",
    "rsid":"dcshuntwithspeedfinal:71#out:1;line",
    "name":"",
    "label":"",
    "className":"Simulink.Line",
    "icon":"LineIcon_icon"
   },
   {
    "sid":"dcshuntwithspeedfinal:78#out:1;line",
    "rsid":"dcshuntwithspeedfinal:78#out:1;line",
    "name":"",
    "label":"",
    "className":"Simulink.Line",
    "icon":"LineIcon_icon"
   },
   {
    "sid":"dcshuntwithspeedfinal:39#out:1;line",
    "rsid":"dcshuntwithspeedfinal:39#out:1;line",
    "name":"",
    "label":"",
    "className":"Simulink.Line",
    "icon":"LineIcon_icon"
   }
  ],
  "sysViewURL":"support/slwebview_files/dcshuntwithspeedfinal_d.json",
  "sameAsElement":false
 },
 {
  "hid":2,
  "sid":"dcshuntwithspeedfinal:40",
  "rsid":"dcshuntwithspeedfinal:40",
  "esid":"dcshuntwithspeedfinal:40",
  "parent":1,
  "children":[
  ],
  "name":"Mechanical Load",
  "fullname":"dcshuntwithspeedfinal/Mechanical Load",
  "label":"Mechanical Load",
  "className":"Simulink.SubSystem",
  "icon":"SubSystemIcon_icon",
  "svg":"support/slwebview_files/dcshuntwithspeedfinal_40_d.svg",
  "thumbnail":"support/slwebview_files/dcshuntwithspeedfinal_40_d.png",
  "elements":[
   {
    "sid":"dcshuntwithspeedfinal:42",
    "rsid":"dcshuntwithspeedfinal:42",
    "name":"Load 1",
    "label":"Load 1",
    "className":"Simulink.Inport",
    "icon":"BlockIcon_icon"
   },
   {
    "sid":"dcshuntwithspeedfinal:43",
    "rsid":"dcshuntwithspeedfinal:43",
    "name":"Load 2",
    "label":"Load 2",
    "className":"Simulink.Inport",
    "icon":"BlockIcon_icon"
   },
   {
    "sid":"dcshuntwithspeedfinal:1",
    "rsid":"dcshuntwithspeedfinal:1",
    "name":"Abs",
    "label":"Abs",
    "className":"Simulink.Abs",
    "icon":"BlockIcon_icon"
   },
   {
    "sid":"dcshuntwithspeedfinal:20",
    "rsid":"dcshuntwithspeedfinal:20",
    "name":"Subtract",
    "label":"Subtract",
    "className":"Simulink.Sum",
    "icon":"BlockIcon_icon"
   },
   {
    "sid":"dcshuntwithspeedfinal:41",
    "rsid":"dcshuntwithspeedfinal:41",
    "name":"Out1",
    "label":"Out1",
    "className":"Simulink.Outport",
    "icon":"BlockIcon_icon"
   },
   {
    "sid":"dcshuntwithspeedfinal:42#out:1;line",
    "rsid":"dcshuntwithspeedfinal:42#out:1;line",
    "name":"",
    "label":"",
    "className":"Simulink.Line",
    "icon":"LineIcon_icon"
   },
   {
    "sid":"dcshuntwithspeedfinal:43#out:1;line",
    "rsid":"dcshuntwithspeedfinal:43#out:1;line",
    "name":"",
    "label":"",
    "className":"Simulink.Line",
    "icon":"LineIcon_icon"
   },
   {
    "sid":"dcshuntwithspeedfinal:1#out:1;line",
    "rsid":"dcshuntwithspeedfinal:1#out:1;line",
    "name":"",
    "label":"",
    "className":"Simulink.Line",
    "icon":"LineIcon_icon"
   },
   {
    "sid":"dcshuntwithspeedfinal:20#out:1;line",
    "rsid":"dcshuntwithspeedfinal:20#out:1;line",
    "name":"",
    "label":"",
    "className":"Simulink.Line",
    "icon":"LineIcon_icon"
   }
  ],
  "sysViewURL":"support/slwebview_files/dcshuntwithspeedfinal_40_d.json",
  "sameAsElement":false
 },
 {
  "hid":3,
  "sid":"dcshuntwithspeedfinal:48",
  "rsid":"dcshuntwithspeedfinal:48",
  "esid":"dcshuntwithspeedfinal:48",
  "parent":1,
  "children":[
  ],
  "name":"Radius",
  "fullname":"dcshuntwithspeedfinal/Radius",
  "label":"Radius",
  "className":"Simulink.SubSystem",
  "icon":"SubSystemIcon_icon",
  "svg":"support/slwebview_files/dcshuntwithspeedfinal_48_d.svg",
  "thumbnail":"support/slwebview_files/dcshuntwithspeedfinal_48_d.png",
  "elements":[
   {
    "sid":"dcshuntwithspeedfinal:2",
    "rsid":"dcshuntwithspeedfinal:2",
    "name":"Add",
    "label":"Add",
    "className":"Simulink.Sum",
    "icon":"BlockIcon_icon"
   },
   {
    "sid":"dcshuntwithspeedfinal:77",
    "rsid":"dcshuntwithspeedfinal:77",
    "name":"Constant",
    "label":"Constant",
    "className":"Simulink.Constant",
    "icon":"BlockIcon_icon"
   },
   {
    "sid":"dcshuntwithspeedfinal:76",
    "rsid":"dcshuntwithspeedfinal:76",
    "name":"Divide",
    "label":"Divide",
    "className":"Simulink.Product",
    "icon":"BlockIcon_icon"
   },
   {
    "sid":"dcshuntwithspeedfinal:29",
    "rsid":"dcshuntwithspeedfinal:29",
    "name":"gain",
    "label":"gain",
    "className":"Simulink.Gain",
    "icon":"BlockIcon_icon"
   },
   {
    "sid":"dcshuntwithspeedfinal:84",
    "rsid":"dcshuntwithspeedfinal:84",
    "name":"radius",
    "label":"radius",
    "className":"Simulink.Constant",
    "icon":"BlockIcon_icon"
   },
   {
    "sid":"dcshuntwithspeedfinal:85",
    "rsid":"dcshuntwithspeedfinal:85",
    "name":"thickness",
    "label":"thickness",
    "className":"Simulink.Constant",
    "icon":"BlockIcon_icon"
   },
   {
    "sid":"dcshuntwithspeedfinal:49",
    "rsid":"dcshuntwithspeedfinal:49",
    "name":"Out1",
    "label":"Out1",
    "className":"Simulink.Outport",
    "icon":"BlockIcon_icon"
   },
   {
    "sid":"dcshuntwithspeedfinal:84#out:1;line",
    "rsid":"dcshuntwithspeedfinal:84#out:1;line",
    "name":"",
    "label":"",
    "className":"Simulink.Line",
    "icon":"LineIcon_icon"
   },
   {
    "sid":"dcshuntwithspeedfinal:2#out:1;line",
    "rsid":"dcshuntwithspeedfinal:2#out:1;line",
    "name":"",
    "label":"",
    "className":"Simulink.Line",
    "icon":"LineIcon_icon"
   },
   {
    "sid":"dcshuntwithspeedfinal:29#out:1;line",
    "rsid":"dcshuntwithspeedfinal:29#out:1;line",
    "name":"",
    "label":"",
    "className":"Simulink.Line",
    "icon":"LineIcon_icon"
   },
   {
    "sid":"dcshuntwithspeedfinal:85#out:1;line",
    "rsid":"dcshuntwithspeedfinal:85#out:1;line",
    "name":"",
    "label":"",
    "className":"Simulink.Line",
    "icon":"LineIcon_icon"
   },
   {
    "sid":"dcshuntwithspeedfinal:76#out:1;line",
    "rsid":"dcshuntwithspeedfinal:76#out:1;line",
    "name":"",
    "label":"",
    "className":"Simulink.Line",
    "icon":"LineIcon_icon"
   },
   {
    "sid":"dcshuntwithspeedfinal:77#out:1;line",
    "rsid":"dcshuntwithspeedfinal:77#out:1;line",
    "name":"",
    "label":"",
    "className":"Simulink.Line",
    "icon":"LineIcon_icon"
   }
  ],
  "sysViewURL":"support/slwebview_files/dcshuntwithspeedfinal_48_d.json",
  "sameAsElement":false
 }
]