[
 {
  "sid":"Performance_analyzer_system_design",
  "inspector":{
   "params":[
    "ModelVersion",
    "LastModifiedDate",
    "LibraryLinkDisplay",
    "ModelBrowserVisibility",
    "Dirty",
    "Description"
   ],
   "values":[
    "1.10",
    "Sat Dec 21 15:55:10 2024",
    "disabled",
    "on",
    "off",
    ""
   ],
   "tabs":[
   ],
   "tabs_idx":[
   ]
  },
  "viewer":{
   "jshandler":"webview/handlers/ElementHandler"
  },
  "obj_viewer":[
  ],
  "finder":[
  ]
 },
 {
  "sid":"Performance_analyzer_system_design:1",
  "inspector":{
   "params":[
    "Name",
    "No parameters defined",
    "Description"
   ],
   "values":[
    "DC motor ",
    "",
    ""
   ],
   "tabs":[
    "Main",
    "Parameters",
    "Documentation"
   ],
   "tabs_idx":[
    0,
    1,
    2
   ]
  },
  "viewer":{
   "jshandler":"webview/handlers/ElementHandler"
  },
  "obj_viewer":[
  ],
  "finder":{
   "blocktype":"SubSystem",
   "masktype":""
  }
 },
 {
  "sid":"Performance_analyzer_system_design:29",
  "inspector":{
   "params":[
    "Name",
    "No parameters defined",
    "Description"
   ],
   "values":[
    "Logged & Display",
    "",
    ""
   ],
   "tabs":[
    "Main",
    "Parameters",
    "Documentation"
   ],
   "tabs_idx":[
    0,
    1,
    2
   ]
  },
  "viewer":{
   "jshandler":"webview/handlers/ElementHandler"
  },
  "obj_viewer":[
  ],
  "finder":{
   "blocktype":"SubSystem",
   "masktype":""
  }
 },
 {
  "sid":"Performance_analyzer_system_design:12",
  "inspector":{
   "params":[
    "Name",
    "No parameters defined",
    "Description"
   ],
   "values":[
    "Sensors",
    "",
    ""
   ],
   "tabs":[
    "Main",
    "Parameters",
    "Documentation"
   ],
   "tabs_idx":[
    0,
    1,
    2
   ]
  },
  "viewer":{
   "jshandler":"webview/handlers/ElementHandler"
  },
  "obj_viewer":[
  ],
  "finder":{
   "blocktype":"SubSystem",
   "masktype":""
  }
 },
 {
  "sid":"Performance_analyzer_system_design:21",
  "inspector":{
   "params":[
    "Name",
    "No parameters defined",
    "Description"
   ],
   "values":[
    "Signal Conditioning",
    "",
    ""
   ],
   "tabs":[
    "Main",
    "Parameters",
    "Documentation"
   ],
   "tabs_idx":[
    0,
    1,
    2
   ]
  },
  "viewer":{
   "jshandler":"webview/handlers/ElementHandler"
  },
  "obj_viewer":[
  ],
  "finder":{
   "blocktype":"SubSystem",
   "masktype":""
  }
 },
 {
  "sid":"Performance_analyzer_system_design:2",
  "inspector":{
   "params":[
    "Name",
    "No parameters defined",
    "Description"
   ],
   "values":[
    "Variant ",
    "",
    ""
   ],
   "tabs":[
    "Main",
    "Parameters",
    "Documentation"
   ],
   "tabs_idx":[
    0,
    1,
    2
   ]
  },
  "viewer":{
   "jshandler":"webview/handlers/ElementHandler"
  },
  "obj_viewer":[
  ],
  "finder":{
   "blocktype":"SubSystem",
   "masktype":""
  }
 }
]