[
 {
  "hid":1,
  "sid":"Performance_analyzer_system_design",
  "rsid":"Performance_analyzer_system_design",
  "esid":"",
  "parent":0,
  "children":[
   2,
   3,
   4,
   5,
   6
  ],
  "name":"Performance_analyzer_system_design",
  "fullname":"Performance_analyzer_system_design",
  "label":"Performance_analyzer_system_design",
  "className":"Simulink.BlockDiagram",
  "icon":"SimulinkModelIcon_icon",
  "svg":"support/slwebview_files/Performance_analyzer_system_design_d.svg",
  "thumbnail":"support/slwebview_files/Performance_analyzer_system_design_d.png",
  "elements":[
   {
    "sid":"Performance_analyzer_system_design:1",
    "rsid":"Performance_analyzer_system_design:1",
    "name":"DC motor ",
    "label":"DC motor ",
    "className":"Simulink.SubSystem",
    "icon":"SubSystemIcon_icon"
   },
   {
    "sid":"Performance_analyzer_system_design:1#out:1",
    "rsid":"Performance_analyzer_system_design:1#out:1",
    "name":"",
    "label":"port",
    "className":"Simulink.Port",
    "icon":"BlockIcon_icon"
   },
   {
    "sid":"Performance_analyzer_system_design:1#out:2",
    "rsid":"Performance_analyzer_system_design:1#out:2",
    "name":"",
    "label":"port",
    "className":"Simulink.Port",
    "icon":"BlockIcon_icon"
   },
   {
    "sid":"Performance_analyzer_system_design:1#out:3",
    "rsid":"Performance_analyzer_system_design:1#out:3",
    "name":"",
    "label":"port",
    "className":"Simulink.Port",
    "icon":"BlockIcon_icon"
   },
   {
    "sid":"Performance_analyzer_system_design:1#out:4",
    "rsid":"Performance_analyzer_system_design:1#out:4",
    "name":"",
    "label":"port",
    "className":"Simulink.Port",
    "icon":"BlockIcon_icon"
   },
   {
    "sid":"Performance_analyzer_system_design:29",
    "rsid":"Performance_analyzer_system_design:29",
    "name":"Logged & Display",
    "label":"Logged & Display",
    "className":"Simulink.SubSystem",
    "icon":"SubSystemIcon_icon"
   },
   {
    "sid":"Performance_analyzer_system_design:29#in:1",
    "rsid":"Performance_analyzer_system_design:29#in:1",
    "name":"",
    "label":"port",
    "className":"Simulink.Port",
    "icon":"BlockIcon_icon"
   },
   {
    "sid":"Performance_analyzer_system_design:29#in:2",
    "rsid":"Performance_analyzer_system_design:29#in:2",
    "name":"",
    "label":"port",
    "className":"Simulink.Port",
    "icon":"BlockIcon_icon"
   },
   {
    "sid":"Performance_analyzer_system_design:29#in:3",
    "rsid":"Performance_analyzer_system_design:29#in:3",
    "name":"",
    "label":"port",
    "className":"Simulink.Port",
    "icon":"BlockIcon_icon"
   },
   {
    "sid":"Performance_analyzer_system_design:29#in:4",
    "rsid":"Performance_analyzer_system_design:29#in:4",
    "name":"",
    "label":"port",
    "className":"Simulink.Port",
    "icon":"BlockIcon_icon"
   },
   {
    "sid":"Performance_analyzer_system_design:29#in:5",
    "rsid":"Performance_analyzer_system_design:29#in:5",
    "name":"",
    "label":"port",
    "className":"Simulink.Port",
    "icon":"BlockIcon_icon"
   },
   {
    "sid":"Performance_analyzer_system_design:12",
    "rsid":"Performance_analyzer_system_design:12",
    "name":"Sensors",
    "label":"Sensors",
    "className":"Simulink.SubSystem",
    "icon":"SubSystemIcon_icon"
   },
   {
    "sid":"Performance_analyzer_system_design:12#in:1",
    "rsid":"Performance_analyzer_system_design:12#in:1",
    "name":"",
    "label":"port",
    "className":"Simulink.Port",
    "icon":"BlockIcon_icon"
   },
   {
    "sid":"Performance_analyzer_system_design:12#in:2",
    "rsid":"Performance_analyzer_system_design:12#in:2",
    "name":"",
    "label":"port",
    "className":"Simulink.Port",
    "icon":"BlockIcon_icon"
   },
   {
    "sid":"Performance_analyzer_system_design:12#in:3",
    "rsid":"Performance_analyzer_system_design:12#in:3",
    "name":"",
    "label":"port",
    "className":"Simulink.Port",
    "icon":"BlockIcon_icon"
   },
   {
    "sid":"Performance_analyzer_system_design:12#in:4",
    "rsid":"Performance_analyzer_system_design:12#in:4",
    "name":"",
    "label":"port",
    "className":"Simulink.Port",
    "icon":"BlockIcon_icon"
   },
   {
    "sid":"Performance_analyzer_system_design:12#out:1",
    "rsid":"Performance_analyzer_system_design:12#out:1",
    "name":"",
    "label":"port",
    "className":"Simulink.Port",
    "icon":"BlockIcon_icon"
   },
   {
    "sid":"Performance_analyzer_system_design:21",
    "rsid":"Performance_analyzer_system_design:21",
    "name":"Signal Conditioning",
    "label":"Signal Conditioning",
    "className":"Simulink.SubSystem",
    "icon":"SubSystemIcon_icon"
   },
   {
    "sid":"Performance_analyzer_system_design:21#in:1",
    "rsid":"Performance_analyzer_system_design:21#in:1",
    "name":"",
    "label":"port",
    "className":"Simulink.Port",
    "icon":"BlockIcon_icon"
   },
   {
    "sid":"Performance_analyzer_system_design:21#out:1",
    "rsid":"Performance_analyzer_system_design:21#out:1",
    "name":"",
    "label":"port",
    "className":"Simulink.Port",
    "icon":"BlockIcon_icon"
   },
   {
    "sid":"Performance_analyzer_system_design:21#out:2",
    "rsid":"Performance_analyzer_system_design:21#out:2",
    "name":"",
    "label":"port",
    "className":"Simulink.Port",
    "icon":"BlockIcon_icon"
   },
   {
    "sid":"Performance_analyzer_system_design:21#out:3",
    "rsid":"Performance_analyzer_system_design:21#out:3",
    "name":"",
    "label":"port",
    "className":"Simulink.Port",
    "icon":"BlockIcon_icon"
   },
   {
    "sid":"Performance_analyzer_system_design:21#out:4",
    "rsid":"Performance_analyzer_system_design:21#out:4",
    "name":"",
    "label":"port",
    "className":"Simulink.Port",
    "icon":"BlockIcon_icon"
   },
   {
    "sid":"Performance_analyzer_system_design:2",
    "rsid":"Performance_analyzer_system_design:2",
    "name":"Variant ",
    "label":"Variant ",
    "className":"Simulink.SubSystem",
    "icon":"SubSystemIcon_icon"
   },
   {
    "sid":"Performance_analyzer_system_design:2#in:1",
    "rsid":"Performance_analyzer_system_design:2#in:1",
    "name":"",
    "label":"port",
    "className":"Simulink.Port",
    "icon":"BlockIcon_icon"
   },
   {
    "sid":"Performance_analyzer_system_design:2#in:2",
    "rsid":"Performance_analyzer_system_design:2#in:2",
    "name":"",
    "label":"port",
    "className":"Simulink.Port",
    "icon":"BlockIcon_icon"
   },
   {
    "sid":"Performance_analyzer_system_design:2#in:3",
    "rsid":"Performance_analyzer_system_design:2#in:3",
    "name":"",
    "label":"port",
    "className":"Simulink.Port",
    "icon":"BlockIcon_icon"
   },
   {
    "sid":"Performance_analyzer_system_design:2#in:4",
    "rsid":"Performance_analyzer_system_design:2#in:4",
    "name":"",
    "label":"port",
    "className":"Simulink.Port",
    "icon":"BlockIcon_icon"
   },
   {
    "sid":"Performance_analyzer_system_design:2#in:5",
    "rsid":"Performance_analyzer_system_design:2#in:5",
    "name":"",
    "label":"port",
    "className":"Simulink.Port",
    "icon":"BlockIcon_icon"
   },
   {
    "sid":"Performance_analyzer_system_design:2#out:1",
    "rsid":"Performance_analyzer_system_design:2#out:1",
    "name":"",
    "label":"port",
    "className":"Simulink.Port",
    "icon":"BlockIcon_icon"
   },
   {
    "sid":"Performance_analyzer_system_design:2#out:2",
    "rsid":"Performance_analyzer_system_design:2#out:2",
    "name":"",
    "label":"port",
    "className":"Simulink.Port",
    "icon":"BlockIcon_icon"
   },
   {
    "sid":"Performance_analyzer_system_design:2#out:3",
    "rsid":"Performance_analyzer_system_design:2#out:3",
    "name":"",
    "label":"port",
    "className":"Simulink.Port",
    "icon":"BlockIcon_icon"
   },
   {
    "sid":"Performance_analyzer_system_design:2#out:4",
    "rsid":"Performance_analyzer_system_design:2#out:4",
    "name":"",
    "label":"port",
    "className":"Simulink.Port",
    "icon":"BlockIcon_icon"
   },
   {
    "sid":"Performance_analyzer_system_design:2#out:5",
    "rsid":"Performance_analyzer_system_design:2#out:5",
    "name":"",
    "label":"port",
    "className":"Simulink.Port",
    "icon":"BlockIcon_icon"
   },
   {
    "sid":"Performance_analyzer_system_design#seg:526-220-548-220",
    "rsid":"Performance_analyzer_system_design#seg:526-220-548-220",
    "name":"",
    "label":"",
    "className":"Simulink.Segment",
    "icon":"LineIcon_icon"
   },
   {
    "sid":"Performance_analyzer_system_design#seg:526-195-548-195",
    "rsid":"Performance_analyzer_system_design#seg:526-195-548-195",
    "name":"",
    "label":"",
    "className":"Simulink.Segment",
    "icon":"LineIcon_icon"
   },
   {
    "sid":"Performance_analyzer_system_design#seg:526-170-548-170",
    "rsid":"Performance_analyzer_system_design#seg:526-170-548-170",
    "name":"",
    "label":"",
    "className":"Simulink.Segment",
    "icon":"LineIcon_icon"
   },
   {
    "sid":"Performance_analyzer_system_design#seg:526-145-548-145",
    "rsid":"Performance_analyzer_system_design#seg:526-145-548-145",
    "name":"",
    "label":"",
    "className":"Simulink.Segment",
    "icon":"LineIcon_icon"
   },
   {
    "sid":"Performance_analyzer_system_design#seg:798-235-820-235",
    "rsid":"Performance_analyzer_system_design#seg:798-235-820-235",
    "name":"",
    "label":"",
    "className":"Simulink.Segment",
    "icon":"LineIcon_icon"
   },
   {
    "sid":"Performance_analyzer_system_design#seg:798-210-820-210",
    "rsid":"Performance_analyzer_system_design#seg:798-210-820-210",
    "name":"",
    "label":"",
    "className":"Simulink.Segment",
    "icon":"LineIcon_icon"
   },
   {
    "sid":"Performance_analyzer_system_design#seg:798-160-820-160",
    "rsid":"Performance_analyzer_system_design#seg:798-160-820-160",
    "name":"",
    "label":"",
    "className":"Simulink.Segment",
    "icon":"LineIcon_icon"
   },
   {
    "sid":"Performance_analyzer_system_design#seg:798-135-820-135",
    "rsid":"Performance_analyzer_system_design#seg:798-135-820-135",
    "name":"",
    "label":"",
    "className":"Simulink.Segment",
    "icon":"LineIcon_icon"
   },
   {
    "sid":"Performance_analyzer_system_design#seg:798-185-820-185",
    "rsid":"Performance_analyzer_system_design#seg:798-185-820-185",
    "name":"",
    "label":"",
    "className":"Simulink.Segment",
    "icon":"LineIcon_icon"
   },
   {
    "sid":"Performance_analyzer_system_design#seg:303-185-321-185",
    "rsid":"Performance_analyzer_system_design#seg:303-185-321-185",
    "name":"",
    "label":"",
    "className":"Simulink.Segment",
    "icon":"LineIcon_icon"
   },
   {
    "sid":"Performance_analyzer_system_design#seg:88-220-108-220",
    "rsid":"Performance_analyzer_system_design#seg:88-220-108-220",
    "name":"",
    "label":"",
    "className":"Simulink.Segment",
    "icon":"LineIcon_icon"
   },
   {
    "sid":"Performance_analyzer_system_design#seg:88-195-108-195",
    "rsid":"Performance_analyzer_system_design#seg:88-195-108-195",
    "name":"",
    "label":"",
    "className":"Simulink.Segment",
    "icon":"LineIcon_icon"
   },
   {
    "sid":"Performance_analyzer_system_design#seg:88-145-108-145",
    "rsid":"Performance_analyzer_system_design#seg:88-145-108-145",
    "name":"",
    "label":"",
    "className":"Simulink.Segment",
    "icon":"LineIcon_icon"
   },
   {
    "sid":"Performance_analyzer_system_design#seg:88-170-108-170",
    "rsid":"Performance_analyzer_system_design#seg:88-170-108-170",
    "name":"",
    "label":"",
    "className":"Simulink.Segment",
    "icon":"LineIcon_icon"
   },
   {
    "sid":"Performance_analyzer_system_design:1#out:2;line",
    "rsid":"Performance_analyzer_system_design:1#out:2;line",
    "name":"",
    "label":"",
    "className":"Simulink.Line",
    "icon":"LineIcon_icon"
   },
   {
    "sid":"Performance_analyzer_system_design:1#out:1;line",
    "rsid":"Performance_analyzer_system_design:1#out:1;line",
    "name":"",
    "label":"",
    "className":"Simulink.Line",
    "icon":"LineIcon_icon"
   },
   {
    "sid":"Performance_analyzer_system_design:1#out:3;line",
    "rsid":"Performance_analyzer_system_design:1#out:3;line",
    "name":"",
    "label":"",
    "className":"Simulink.Line",
    "icon":"LineIcon_icon"
   },
   {
    "sid":"Performance_analyzer_system_design:1#out:4;line",
    "rsid":"Performance_analyzer_system_design:1#out:4;line",
    "name":"",
    "label":"",
    "className":"Simulink.Line",
    "icon":"LineIcon_icon"
   },
   {
    "sid":"Performance_analyzer_system_design:12#out:1;line",
    "rsid":"Performance_analyzer_system_design:12#out:1;line",
    "name":"",
    "label":"",
    "className":"Simulink.Line",
    "icon":"LineIcon_icon"
   },
   {
    "sid":"Performance_analyzer_system_design:2#out:3;line",
    "rsid":"Performance_analyzer_system_design:2#out:3;line",
    "name":"",
    "label":"",
    "className":"Simulink.Line",
    "icon":"LineIcon_icon"
   },
   {
    "sid":"Performance_analyzer_system_design:2#out:1;line",
    "rsid":"Performance_analyzer_system_design:2#out:1;line",
    "name":"",
    "label":"",
    "className":"Simulink.Line",
    "icon":"LineIcon_icon"
   },
   {
    "sid":"Performance_analyzer_system_design:2#out:2;line",
    "rsid":"Performance_analyzer_system_design:2#out:2;line",
    "name":"",
    "label":"",
    "className":"Simulink.Line",
    "icon":"LineIcon_icon"
   },
   {
    "sid":"Performance_analyzer_system_design:2#out:4;line",
    "rsid":"Performance_analyzer_system_design:2#out:4;line",
    "name":"",
    "label":"",
    "className":"Simulink.Line",
    "icon":"LineIcon_icon"
   },
   {
    "sid":"Performance_analyzer_system_design:2#out:5;line",
    "rsid":"Performance_analyzer_system_design:2#out:5;line",
    "name":"",
    "label":"",
    "className":"Simulink.Line",
    "icon":"LineIcon_icon"
   },
   {
    "sid":"Performance_analyzer_system_design:21#out:1;line",
    "rsid":"Performance_analyzer_system_design:21#out:1;line",
    "name":"",
    "label":"",
    "className":"Simulink.Line",
    "icon":"LineIcon_icon"
   },
   {
    "sid":"Performance_analyzer_system_design:21#out:2;line",
    "rsid":"Performance_analyzer_system_design:21#out:2;line",
    "name":"",
    "label":"",
    "className":"Simulink.Line",
    "icon":"LineIcon_icon"
   },
   {
    "sid":"Performance_analyzer_system_design:21#out:3;line",
    "rsid":"Performance_analyzer_system_design:21#out:3;line",
    "name":"",
    "label":"",
    "className":"Simulink.Line",
    "icon":"LineIcon_icon"
   },
   {
    "sid":"Performance_analyzer_system_design:21#out:4;line",
    "rsid":"Performance_analyzer_system_design:21#out:4;line",
    "name":"",
    "label":"",
    "className":"Simulink.Line",
    "icon":"LineIcon_icon"
   }
  ],
  "sysViewURL":"support/slwebview_files/Performance_analyzer_system_design_d.json",
  "sameAsElement":false
 },
 {
  "hid":2,
  "sid":"Performance_analyzer_system_design:1",
  "rsid":"Performance_analyzer_system_design:1",
  "esid":"Performance_analyzer_system_design:1",
  "parent":1,
  "children":[
  ],
  "name":"DC motor ",
  "fullname":"Performance_analyzer_system_design/DC motor ",
  "label":"DC motor ",
  "className":"Simulink.SubSystem",
  "icon":"SubSystemIcon_icon",
  "svg":"support/slwebview_files/Performance_analyzer_system_design_1_d.svg",
  "thumbnail":"support/slwebview_files/Performance_analyzer_system_design_1_d.png",
  "elements":[
   {
    "sid":"Performance_analyzer_system_design:1#out:1",
    "rsid":"Performance_analyzer_system_design:1#out:1",
    "name":"",
    "label":"port",
    "className":"Simulink.Port",
    "icon":"BlockIcon_icon"
   },
   {
    "sid":"Performance_analyzer_system_design:1#out:2",
    "rsid":"Performance_analyzer_system_design:1#out:2",
    "name":"",
    "label":"port",
    "className":"Simulink.Port",
    "icon":"BlockIcon_icon"
   },
   {
    "sid":"Performance_analyzer_system_design:1#out:3",
    "rsid":"Performance_analyzer_system_design:1#out:3",
    "name":"",
    "label":"port",
    "className":"Simulink.Port",
    "icon":"BlockIcon_icon"
   },
   {
    "sid":"Performance_analyzer_system_design:1#out:4",
    "rsid":"Performance_analyzer_system_design:1#out:4",
    "name":"",
    "label":"port",
    "className":"Simulink.Port",
    "icon":"BlockIcon_icon"
   },
   {
    "sid":"Performance_analyzer_system_design:15",
    "rsid":"Performance_analyzer_system_design:15",
    "name":"Bus Element Out2",
    "label":"Bus Element Out2",
    "className":"Simulink.Outport",
    "icon":"BlockIcon_icon"
   },
   {
    "sid":"Performance_analyzer_system_design:15#in:1",
    "rsid":"Performance_analyzer_system_design:15#in:1",
    "name":"",
    "label":"port",
    "className":"Simulink.Port",
    "icon":"BlockIcon_icon"
   },
   {
    "sid":"Performance_analyzer_system_design:13",
    "rsid":"Performance_analyzer_system_design:13",
    "name":"Bus Element Out1",
    "label":"Bus Element Out1",
    "className":"Simulink.Outport",
    "icon":"BlockIcon_icon"
   },
   {
    "sid":"Performance_analyzer_system_design:13#in:1",
    "rsid":"Performance_analyzer_system_design:13#in:1",
    "name":"",
    "label":"port",
    "className":"Simulink.Port",
    "icon":"BlockIcon_icon"
   },
   {
    "sid":"Performance_analyzer_system_design:17",
    "rsid":"Performance_analyzer_system_design:17",
    "name":"Bus Element Out3",
    "label":"Bus Element Out3",
    "className":"Simulink.Outport",
    "icon":"BlockIcon_icon"
   },
   {
    "sid":"Performance_analyzer_system_design:17#in:1",
    "rsid":"Performance_analyzer_system_design:17#in:1",
    "name":"",
    "label":"port",
    "className":"Simulink.Port",
    "icon":"BlockIcon_icon"
   },
   {
    "sid":"Performance_analyzer_system_design:19",
    "rsid":"Performance_analyzer_system_design:19",
    "name":"Bus Element Out4",
    "label":"Bus Element Out4",
    "className":"Simulink.Outport",
    "icon":"BlockIcon_icon"
   },
   {
    "sid":"Performance_analyzer_system_design:19#in:1",
    "rsid":"Performance_analyzer_system_design:19#in:1",
    "name":"",
    "label":"port",
    "className":"Simulink.Port",
    "icon":"BlockIcon_icon"
   }
  ],
  "sysViewURL":"support/slwebview_files/Performance_analyzer_system_design_1_d.json",
  "sameAsElement":false
 },
 {
  "hid":3,
  "sid":"Performance_analyzer_system_design:29",
  "rsid":"Performance_analyzer_system_design:29",
  "esid":"Performance_analyzer_system_design:29",
  "parent":1,
  "children":[
  ],
  "name":"Logged & Display",
  "fullname":"Performance_analyzer_system_design/Logged & Display",
  "label":"Logged & Display",
  "className":"Simulink.SubSystem",
  "icon":"SubSystemIcon_icon",
  "svg":"support/slwebview_files/Performance_analyzer_system_design_29_d.svg",
  "thumbnail":"support/slwebview_files/Performance_analyzer_system_design_29_d.png",
  "elements":[
   {
    "sid":"Performance_analyzer_system_design:29#in:1",
    "rsid":"Performance_analyzer_system_design:29#in:1",
    "name":"",
    "label":"port",
    "className":"Simulink.Port",
    "icon":"BlockIcon_icon"
   },
   {
    "sid":"Performance_analyzer_system_design:29#in:2",
    "rsid":"Performance_analyzer_system_design:29#in:2",
    "name":"",
    "label":"port",
    "className":"Simulink.Port",
    "icon":"BlockIcon_icon"
   },
   {
    "sid":"Performance_analyzer_system_design:29#in:3",
    "rsid":"Performance_analyzer_system_design:29#in:3",
    "name":"",
    "label":"port",
    "className":"Simulink.Port",
    "icon":"BlockIcon_icon"
   },
   {
    "sid":"Performance_analyzer_system_design:29#in:4",
    "rsid":"Performance_analyzer_system_design:29#in:4",
    "name":"",
    "label":"port",
    "className":"Simulink.Port",
    "icon":"BlockIcon_icon"
   },
   {
    "sid":"Performance_analyzer_system_design:29#in:5",
    "rsid":"Performance_analyzer_system_design:29#in:5",
    "name":"",
    "label":"port",
    "className":"Simulink.Port",
    "icon":"BlockIcon_icon"
   },
   {
    "sid":"Performance_analyzer_system_design:35",
    "rsid":"Performance_analyzer_system_design:35",
    "name":"Bus Element In2",
    "label":"Bus Element In2",
    "className":"Simulink.Inport",
    "icon":"BlockIcon_icon"
   },
   {
    "sid":"Performance_analyzer_system_design:35#out:1",
    "rsid":"Performance_analyzer_system_design:35#out:1",
    "name":"",
    "label":"port",
    "className":"Simulink.Port",
    "icon":"BlockIcon_icon"
   },
   {
    "sid":"Performance_analyzer_system_design:37",
    "rsid":"Performance_analyzer_system_design:37",
    "name":"Bus Element In3",
    "label":"Bus Element In3",
    "className":"Simulink.Inport",
    "icon":"BlockIcon_icon"
   },
   {
    "sid":"Performance_analyzer_system_design:37#out:1",
    "rsid":"Performance_analyzer_system_design:37#out:1",
    "name":"",
    "label":"port",
    "className":"Simulink.Port",
    "icon":"BlockIcon_icon"
   },
   {
    "sid":"Performance_analyzer_system_design:34",
    "rsid":"Performance_analyzer_system_design:34",
    "name":"Bus Element In1",
    "label":"Bus Element In1",
    "className":"Simulink.Inport",
    "icon":"BlockIcon_icon"
   },
   {
    "sid":"Performance_analyzer_system_design:34#out:1",
    "rsid":"Performance_analyzer_system_design:34#out:1",
    "name":"",
    "label":"port",
    "className":"Simulink.Port",
    "icon":"BlockIcon_icon"
   },
   {
    "sid":"Performance_analyzer_system_design:39",
    "rsid":"Performance_analyzer_system_design:39",
    "name":"Bus Element In4",
    "label":"Bus Element In4",
    "className":"Simulink.Inport",
    "icon":"BlockIcon_icon"
   },
   {
    "sid":"Performance_analyzer_system_design:39#out:1",
    "rsid":"Performance_analyzer_system_design:39#out:1",
    "name":"",
    "label":"port",
    "className":"Simulink.Port",
    "icon":"BlockIcon_icon"
   },
   {
    "sid":"Performance_analyzer_system_design:41",
    "rsid":"Performance_analyzer_system_design:41",
    "name":"Bus Element In5",
    "label":"Bus Element In5",
    "className":"Simulink.Inport",
    "icon":"BlockIcon_icon"
   },
   {
    "sid":"Performance_analyzer_system_design:41#out:1",
    "rsid":"Performance_analyzer_system_design:41#out:1",
    "name":"",
    "label":"port",
    "className":"Simulink.Port",
    "icon":"BlockIcon_icon"
   },
   {
    "sid":"Performance_analyzer_system_design:53",
    "rsid":"Performance_analyzer_system_design:53",
    "name":"Log the output values and visualize it in scope of matlab ",
    "label":"Log the output values and visualize it in scope of matlab ",
    "className":"Simulink.Annotation",
    "icon":"annotation_icon"
   }
  ],
  "sysViewURL":"support/slwebview_files/Performance_analyzer_system_design_29_d.json",
  "sameAsElement":false
 },
 {
  "hid":4,
  "sid":"Performance_analyzer_system_design:12",
  "rsid":"Performance_analyzer_system_design:12",
  "esid":"Performance_analyzer_system_design:12",
  "parent":1,
  "children":[
  ],
  "name":"Sensors",
  "fullname":"Performance_analyzer_system_design/Sensors",
  "label":"Sensors",
  "className":"Simulink.SubSystem",
  "icon":"SubSystemIcon_icon",
  "svg":"support/slwebview_files/Performance_analyzer_system_design_12_d.svg",
  "thumbnail":"support/slwebview_files/Performance_analyzer_system_design_12_d.png",
  "elements":[
   {
    "sid":"Performance_analyzer_system_design:12#in:1",
    "rsid":"Performance_analyzer_system_design:12#in:1",
    "name":"",
    "label":"port",
    "className":"Simulink.Port",
    "icon":"BlockIcon_icon"
   },
   {
    "sid":"Performance_analyzer_system_design:12#in:2",
    "rsid":"Performance_analyzer_system_design:12#in:2",
    "name":"",
    "label":"port",
    "className":"Simulink.Port",
    "icon":"BlockIcon_icon"
   },
   {
    "sid":"Performance_analyzer_system_design:12#in:3",
    "rsid":"Performance_analyzer_system_design:12#in:3",
    "name":"",
    "label":"port",
    "className":"Simulink.Port",
    "icon":"BlockIcon_icon"
   },
   {
    "sid":"Performance_analyzer_system_design:12#in:4",
    "rsid":"Performance_analyzer_system_design:12#in:4",
    "name":"",
    "label":"port",
    "className":"Simulink.Port",
    "icon":"BlockIcon_icon"
   },
   {
    "sid":"Performance_analyzer_system_design:12#out:1",
    "rsid":"Performance_analyzer_system_design:12#out:1",
    "name":"",
    "label":"port",
    "className":"Simulink.Port",
    "icon":"BlockIcon_icon"
   },
   {
    "sid":"Performance_analyzer_system_design:16",
    "rsid":"Performance_analyzer_system_design:16",
    "name":"Bus Element In2",
    "label":"Bus Element In2",
    "className":"Simulink.Inport",
    "icon":"BlockIcon_icon"
   },
   {
    "sid":"Performance_analyzer_system_design:16#out:1",
    "rsid":"Performance_analyzer_system_design:16#out:1",
    "name":"",
    "label":"port",
    "className":"Simulink.Port",
    "icon":"BlockIcon_icon"
   },
   {
    "sid":"Performance_analyzer_system_design:14",
    "rsid":"Performance_analyzer_system_design:14",
    "name":"Bus Element In1",
    "label":"Bus Element In1",
    "className":"Simulink.Inport",
    "icon":"BlockIcon_icon"
   },
   {
    "sid":"Performance_analyzer_system_design:14#out:1",
    "rsid":"Performance_analyzer_system_design:14#out:1",
    "name":"",
    "label":"port",
    "className":"Simulink.Port",
    "icon":"BlockIcon_icon"
   },
   {
    "sid":"Performance_analyzer_system_design:20",
    "rsid":"Performance_analyzer_system_design:20",
    "name":"Bus Element In4",
    "label":"Bus Element In4",
    "className":"Simulink.Inport",
    "icon":"BlockIcon_icon"
   },
   {
    "sid":"Performance_analyzer_system_design:20#out:1",
    "rsid":"Performance_analyzer_system_design:20#out:1",
    "name":"",
    "label":"port",
    "className":"Simulink.Port",
    "icon":"BlockIcon_icon"
   },
   {
    "sid":"Performance_analyzer_system_design:18",
    "rsid":"Performance_analyzer_system_design:18",
    "name":"Bus Element In3",
    "label":"Bus Element In3",
    "className":"Simulink.Inport",
    "icon":"BlockIcon_icon"
   },
   {
    "sid":"Performance_analyzer_system_design:18#out:1",
    "rsid":"Performance_analyzer_system_design:18#out:1",
    "name":"",
    "label":"port",
    "className":"Simulink.Port",
    "icon":"BlockIcon_icon"
   },
   {
    "sid":"Performance_analyzer_system_design:24",
    "rsid":"Performance_analyzer_system_design:24",
    "name":"Bus Element Out1",
    "label":"Bus Element Out1",
    "className":"Simulink.Outport",
    "icon":"BlockIcon_icon"
   },
   {
    "sid":"Performance_analyzer_system_design:24#in:1",
    "rsid":"Performance_analyzer_system_design:24#in:1",
    "name":"",
    "label":"port",
    "className":"Simulink.Port",
    "icon":"BlockIcon_icon"
   },
   {
    "sid":"Performance_analyzer_system_design:48",
    "rsid":"Performance_analyzer_system_design:48",
    "name":"",
    "label":"",
    "className":"Simulink.Annotation",
    "icon":"annotation_icon"
   }
  ],
  "sysViewURL":"support/slwebview_files/Performance_analyzer_system_design_12_d.json",
  "sameAsElement":false
 },
 {
  "hid":5,
  "sid":"Performance_analyzer_system_design:21",
  "rsid":"Performance_analyzer_system_design:21",
  "esid":"Performance_analyzer_system_design:21",
  "parent":1,
  "children":[
  ],
  "name":"Signal Conditioning",
  "fullname":"Performance_analyzer_system_design/Signal Conditioning",
  "label":"Signal Conditioning",
  "className":"Simulink.SubSystem",
  "icon":"SubSystemIcon_icon",
  "svg":"support/slwebview_files/Performance_analyzer_system_design_21_d.svg",
  "thumbnail":"support/slwebview_files/Performance_analyzer_system_design_21_d.png",
  "elements":[
   {
    "sid":"Performance_analyzer_system_design:21#in:1",
    "rsid":"Performance_analyzer_system_design:21#in:1",
    "name":"",
    "label":"port",
    "className":"Simulink.Port",
    "icon":"BlockIcon_icon"
   },
   {
    "sid":"Performance_analyzer_system_design:21#out:1",
    "rsid":"Performance_analyzer_system_design:21#out:1",
    "name":"",
    "label":"port",
    "className":"Simulink.Port",
    "icon":"BlockIcon_icon"
   },
   {
    "sid":"Performance_analyzer_system_design:21#out:2",
    "rsid":"Performance_analyzer_system_design:21#out:2",
    "name":"",
    "label":"port",
    "className":"Simulink.Port",
    "icon":"BlockIcon_icon"
   },
   {
    "sid":"Performance_analyzer_system_design:21#out:3",
    "rsid":"Performance_analyzer_system_design:21#out:3",
    "name":"",
    "label":"port",
    "className":"Simulink.Port",
    "icon":"BlockIcon_icon"
   },
   {
    "sid":"Performance_analyzer_system_design:21#out:4",
    "rsid":"Performance_analyzer_system_design:21#out:4",
    "name":"",
    "label":"port",
    "className":"Simulink.Port",
    "icon":"BlockIcon_icon"
   },
   {
    "sid":"Performance_analyzer_system_design:25",
    "rsid":"Performance_analyzer_system_design:25",
    "name":"Bus Element In1",
    "label":"Bus Element In1",
    "className":"Simulink.Inport",
    "icon":"BlockIcon_icon"
   },
   {
    "sid":"Performance_analyzer_system_design:25#out:1",
    "rsid":"Performance_analyzer_system_design:25#out:1",
    "name":"",
    "label":"port",
    "className":"Simulink.Port",
    "icon":"BlockIcon_icon"
   },
   {
    "sid":"Performance_analyzer_system_design:26",
    "rsid":"Performance_analyzer_system_design:26",
    "name":"Bus Element Out1",
    "label":"Bus Element Out1",
    "className":"Simulink.Outport",
    "icon":"BlockIcon_icon"
   },
   {
    "sid":"Performance_analyzer_system_design:26#in:1",
    "rsid":"Performance_analyzer_system_design:26#in:1",
    "name":"",
    "label":"port",
    "className":"Simulink.Port",
    "icon":"BlockIcon_icon"
   },
   {
    "sid":"Performance_analyzer_system_design:54",
    "rsid":"Performance_analyzer_system_design:54",
    "name":"Bus Element Out2",
    "label":"Bus Element Out2",
    "className":"Simulink.Outport",
    "icon":"BlockIcon_icon"
   },
   {
    "sid":"Performance_analyzer_system_design:54#in:1",
    "rsid":"Performance_analyzer_system_design:54#in:1",
    "name":"",
    "label":"port",
    "className":"Simulink.Port",
    "icon":"BlockIcon_icon"
   },
   {
    "sid":"Performance_analyzer_system_design:56",
    "rsid":"Performance_analyzer_system_design:56",
    "name":"Bus Element Out3",
    "label":"Bus Element Out3",
    "className":"Simulink.Outport",
    "icon":"BlockIcon_icon"
   },
   {
    "sid":"Performance_analyzer_system_design:56#in:1",
    "rsid":"Performance_analyzer_system_design:56#in:1",
    "name":"",
    "label":"port",
    "className":"Simulink.Port",
    "icon":"BlockIcon_icon"
   },
   {
    "sid":"Performance_analyzer_system_design:58",
    "rsid":"Performance_analyzer_system_design:58",
    "name":"Bus Element Out4",
    "label":"Bus Element Out4",
    "className":"Simulink.Outport",
    "icon":"BlockIcon_icon"
   },
   {
    "sid":"Performance_analyzer_system_design:58#in:1",
    "rsid":"Performance_analyzer_system_design:58#in:1",
    "name":"",
    "label":"port",
    "className":"Simulink.Port",
    "icon":"BlockIcon_icon"
   },
   {
    "sid":"Performance_analyzer_system_design:49",
    "rsid":"Performance_analyzer_system_design:49",
    "name":"",
    "label":"",
    "className":"Simulink.Annotation",
    "icon":"annotation_icon"
   },
   {
    "sid":"Performance_analyzer_system_design:50",
    "rsid":"Performance_analyzer_system_design:50",
    "name":"Signal conditioning  making sure that the voltage and current values do not exceed limits of C2000 microcontroller",
    "label":"Signal conditioning  making sure that the voltage and current values do not exceed limits of C2000 microcontroller",
    "className":"Simulink.Annotation",
    "icon":"annotation_icon"
   }
  ],
  "sysViewURL":"support/slwebview_files/Performance_analyzer_system_design_21_d.json",
  "sameAsElement":false
 },
 {
  "hid":6,
  "sid":"Performance_analyzer_system_design:2",
  "rsid":"Performance_analyzer_system_design:2",
  "esid":"Performance_analyzer_system_design:2",
  "parent":1,
  "children":[
  ],
  "name":"Variant ",
  "fullname":"Performance_analyzer_system_design/Variant ",
  "label":"Variant ",
  "className":"Simulink.SubSystem",
  "icon":"SubSystemIcon_icon",
  "svg":"support/slwebview_files/Performance_analyzer_system_design_2_d.svg",
  "thumbnail":"support/slwebview_files/Performance_analyzer_system_design_2_d.png",
  "elements":[
   {
    "sid":"Performance_analyzer_system_design:2#in:1",
    "rsid":"Performance_analyzer_system_design:2#in:1",
    "name":"",
    "label":"port",
    "className":"Simulink.Port",
    "icon":"BlockIcon_icon"
   },
   {
    "sid":"Performance_analyzer_system_design:2#in:2",
    "rsid":"Performance_analyzer_system_design:2#in:2",
    "name":"",
    "label":"port",
    "className":"Simulink.Port",
    "icon":"BlockIcon_icon"
   },
   {
    "sid":"Performance_analyzer_system_design:2#in:3",
    "rsid":"Performance_analyzer_system_design:2#in:3",
    "name":"",
    "label":"port",
    "className":"Simulink.Port",
    "icon":"BlockIcon_icon"
   },
   {
    "sid":"Performance_analyzer_system_design:2#in:4",
    "rsid":"Performance_analyzer_system_design:2#in:4",
    "name":"",
    "label":"port",
    "className":"Simulink.Port",
    "icon":"BlockIcon_icon"
   },
   {
    "sid":"Performance_analyzer_system_design:2#in:5",
    "rsid":"Performance_analyzer_system_design:2#in:5",
    "name":"",
    "label":"port",
    "className":"Simulink.Port",
    "icon":"BlockIcon_icon"
   },
   {
    "sid":"Performance_analyzer_system_design:2#out:1",
    "rsid":"Performance_analyzer_system_design:2#out:1",
    "name":"",
    "label":"port",
    "className":"Simulink.Port",
    "icon":"BlockIcon_icon"
   },
   {
    "sid":"Performance_analyzer_system_design:2#out:2",
    "rsid":"Performance_analyzer_system_design:2#out:2",
    "name":"",
    "label":"port",
    "className":"Simulink.Port",
    "icon":"BlockIcon_icon"
   },
   {
    "sid":"Performance_analyzer_system_design:2#out:3",
    "rsid":"Performance_analyzer_system_design:2#out:3",
    "name":"",
    "label":"port",
    "className":"Simulink.Port",
    "icon":"BlockIcon_icon"
   },
   {
    "sid":"Performance_analyzer_system_design:2#out:4",
    "rsid":"Performance_analyzer_system_design:2#out:4",
    "name":"",
    "label":"port",
    "className":"Simulink.Port",
    "icon":"BlockIcon_icon"
   },
   {
    "sid":"Performance_analyzer_system_design:2#out:5",
    "rsid":"Performance_analyzer_system_design:2#out:5",
    "name":"",
    "label":"port",
    "className":"Simulink.Port",
    "icon":"BlockIcon_icon"
   },
   {
    "sid":"Performance_analyzer_system_design:28",
    "rsid":"Performance_analyzer_system_design:28",
    "name":"Series or Shunt configuration",
    "label":"Series or Shunt configuration",
    "className":"Simulink.Inport",
    "icon":"BlockIcon_icon"
   },
   {
    "sid":"Performance_analyzer_system_design:28#out:1",
    "rsid":"Performance_analyzer_system_design:28#out:1",
    "name":"",
    "label":"port",
    "className":"Simulink.Port",
    "icon":"BlockIcon_icon"
   },
   {
    "sid":"Performance_analyzer_system_design:55",
    "rsid":"Performance_analyzer_system_design:55",
    "name":"voltage",
    "label":"voltage",
    "className":"Simulink.Inport",
    "icon":"BlockIcon_icon"
   },
   {
    "sid":"Performance_analyzer_system_design:55#out:1",
    "rsid":"Performance_analyzer_system_design:55#out:1",
    "name":"",
    "label":"port",
    "className":"Simulink.Port",
    "icon":"BlockIcon_icon"
   },
   {
    "sid":"Performance_analyzer_system_design:57",
    "rsid":"Performance_analyzer_system_design:57",
    "name":"armature current",
    "label":"armature current",
    "className":"Simulink.Inport",
    "icon":"BlockIcon_icon"
   },
   {
    "sid":"Performance_analyzer_system_design:57#out:1",
    "rsid":"Performance_analyzer_system_design:57#out:1",
    "name":"",
    "label":"port",
    "className":"Simulink.Port",
    "icon":"BlockIcon_icon"
   },
   {
    "sid":"Performance_analyzer_system_design:59",
    "rsid":"Performance_analyzer_system_design:59",
    "name":"speed",
    "label":"speed",
    "className":"Simulink.Inport",
    "icon":"BlockIcon_icon"
   },
   {
    "sid":"Performance_analyzer_system_design:59#out:1",
    "rsid":"Performance_analyzer_system_design:59#out:1",
    "name":"",
    "label":"port",
    "className":"Simulink.Port",
    "icon":"BlockIcon_icon"
   },
   {
    "sid":"Performance_analyzer_system_design:27",
    "rsid":"Performance_analyzer_system_design:27",
    "name":"line current",
    "label":"line current",
    "className":"Simulink.Inport",
    "icon":"BlockIcon_icon"
   },
   {
    "sid":"Performance_analyzer_system_design:27#out:1",
    "rsid":"Performance_analyzer_system_design:27#out:1",
    "name":"",
    "label":"port",
    "className":"Simulink.Port",
    "icon":"BlockIcon_icon"
   },
   {
    "sid":"Performance_analyzer_system_design:4",
    "rsid":"Performance_analyzer_system_design:4",
    "name":"Series motor",
    "label":"Series motor (dc_series_motor_performance_C2000)",
    "className":"Simulink.ModelReference",
    "icon":"MdlRefBlockIcon_icon"
   },
   {
    "sid":"Performance_analyzer_system_design:7",
    "rsid":"Performance_analyzer_system_design:7",
    "name":"Shunt motor",
    "label":"Shunt motor (dc_shunt_motor_performance)",
    "className":"Simulink.ModelReference",
    "icon":"MdlRefBlockIcon_icon"
   },
   {
    "sid":"Performance_analyzer_system_design:32",
    "rsid":"Performance_analyzer_system_design:32",
    "name":"Torque",
    "label":"Torque",
    "className":"Simulink.Outport",
    "icon":"BlockIcon_icon"
   },
   {
    "sid":"Performance_analyzer_system_design:32#in:1",
    "rsid":"Performance_analyzer_system_design:32#in:1",
    "name":"",
    "label":"port",
    "className":"Simulink.Port",
    "icon":"BlockIcon_icon"
   },
   {
    "sid":"Performance_analyzer_system_design:36",
    "rsid":"Performance_analyzer_system_design:36",
    "name":"Input Power",
    "label":"Input Power",
    "className":"Simulink.Outport",
    "icon":"BlockIcon_icon"
   },
   {
    "sid":"Performance_analyzer_system_design:36#in:1",
    "rsid":"Performance_analyzer_system_design:36#in:1",
    "name":"",
    "label":"port",
    "className":"Simulink.Port",
    "icon":"BlockIcon_icon"
   },
   {
    "sid":"Performance_analyzer_system_design:30",
    "rsid":"Performance_analyzer_system_design:30",
    "name":"Output power",
    "label":"Output power",
    "className":"Simulink.Outport",
    "icon":"BlockIcon_icon"
   },
   {
    "sid":"Performance_analyzer_system_design:30#in:1",
    "rsid":"Performance_analyzer_system_design:30#in:1",
    "name":"",
    "label":"port",
    "className":"Simulink.Port",
    "icon":"BlockIcon_icon"
   },
   {
    "sid":"Performance_analyzer_system_design:38",
    "rsid":"Performance_analyzer_system_design:38",
    "name":"Efficiency",
    "label":"Efficiency",
    "className":"Simulink.Outport",
    "icon":"BlockIcon_icon"
   },
   {
    "sid":"Performance_analyzer_system_design:38#in:1",
    "rsid":"Performance_analyzer_system_design:38#in:1",
    "name":"",
    "label":"port",
    "className":"Simulink.Port",
    "icon":"BlockIcon_icon"
   },
   {
    "sid":"Performance_analyzer_system_design:40",
    "rsid":"Performance_analyzer_system_design:40",
    "name":"Back EMF",
    "label":"Back EMF",
    "className":"Simulink.Outport",
    "icon":"BlockIcon_icon"
   },
   {
    "sid":"Performance_analyzer_system_design:40#in:1",
    "rsid":"Performance_analyzer_system_design:40#in:1",
    "name":"",
    "label":"port",
    "className":"Simulink.Port",
    "icon":"BlockIcon_icon"
   },
   {
    "sid":"Performance_analyzer_system_design:51",
    "rsid":"Performance_analyzer_system_design:51",
    "name":"",
    "label":"",
    "className":"Simulink.Annotation",
    "icon":"annotation_icon"
   },
   {
    "sid":"Performance_analyzer_system_design:52",
    "rsid":"Performance_analyzer_system_design:52",
    "name":"Auto generate code from the model  and dump it into the C200 hardware through matlab ",
    "label":"Auto generate code from the model  and dump it into the C200 hardware through matlab ",
    "className":"Simulink.Annotation",
    "icon":"annotation_icon"
   }
  ],
  "sysViewURL":"support/slwebview_files/Performance_analyzer_system_design_2_d.json",
  "sameAsElement":false
 }
]